item,manuscript_element,location,access,notes
table1_dataset_comparison.csv,Table 1,GitHub,open,values compiled from published sources [5]-[14]
table2_per_identity_counts.csv,Table 2,GitHub,open,anonymized identity labels; gender and age group at identity level only
dataset_summary.csv,Data Description (gender/age distribution),GitHub,open,aggregate counts
split_summary.csv,Gallery/query protocol,GitHub,open,aggregate counts
gallery_query_split.csv,Gallery/query protocol,GitHub,open,filenames only; no images
recognition_results.csv,"Table 3, Figures 9-10",GitHub,open,per-query labels and scores; no images or embeddings
table3_sface_metrics.csv,Table 3,GitHub,open,aggregate metrics
fig9_match_counts.csv,Figure 9,GitHub,open,aggregate counts
fig10_roc_points.csv; fig10_pr_points.csv; fig10_curve_summary.csv,Figure 10,GitHub,open,curve points
fig11_latency_per_image.csv,Figure 11,GitHub,open,timing measurements
"Acquisition, preprocessing and evaluation code; environment file",Methods,GitHub,open,
"face_crops.zip; face_crops_persons.zip (2,340 face images)",Dataset; Figures 3 and 7,Zenodo DOI 10.5281/zenodo.21863771,controlled (DUA),biometric data
metadata_files.csv; metadata_identities.csv,Data Description,Zenodo DOI 10.5281/zenodo.21863771,controlled (DUA),distributed with the images
Face embeddings / templates,Technical validation,not distributed,not shared,biometric templates; can be regenerated by approved users from the images
Raw camera snapshots (2560x1440),Figure 7,not distributed,not shared,contain background and bystanders
