fpr,tpr,threshold
0.0,0.0,inf
0.0,0.0010695187165775401,0.9544313207223573
0.0,0.5037433155080214,0.7010304427147316
0.008547008547008548,0.5037433155080214,0.7007806968807331
0.008547008547008548,0.5294117647058824,0.6934722009335359
0.017094017094017096,0.5294117647058824,0.69325684629986
0.017094017094017096,0.5700534759358289,0.6868590018632921
0.02564102564102564,0.5700534759358289,0.6865005901294606
0.02564102564102564,0.586096256684492,0.6844654392102459
0.03418803418803419,0.586096256684492,0.6842704213073736
0.03418803418803419,0.6235294117647059,0.6712142045949996
0.042735042735042736,0.6235294117647059,0.670828629189148
0.042735042735042736,0.6342245989304813,0.6692151247516962
0.05128205128205128,0.6342245989304813,0.6690787205594401
0.05128205128205128,0.6374331550802139,0.6684248623949612
0.05982905982905983,0.6374331550802139,0.6682846332664345
0.05982905982905983,0.6877005347593583,0.6583206068751536
0.06837606837606838,0.6877005347593583,0.6581110973010368
0.06837606837606838,0.7005347593582888,0.6554622358305684
0.09401709401709402,0.7005347593582888,0.6537828941507617
0.09401709401709402,0.718716577540107,0.6496443938433689
0.10256410256410256,0.718716577540107,0.6494801019135326
0.10256410256410256,0.7336898395721925,0.6431188364427438
0.1111111111111111,0.7336898395721925,0.6430609708437409
0.1111111111111111,0.7401069518716578,0.6399992813615292
0.11965811965811966,0.7401069518716578,0.6397110036399882
0.11965811965811966,0.7508021390374332,0.6380223695955443
0.1282051282051282,0.7508021390374332,0.6377878974252265
0.1282051282051282,0.7540106951871658,0.6363861418220792
0.13675213675213677,0.7540106951871658,0.6355922740274722
0.13675213675213677,0.758288770053476,0.6351679065693205
0.1452991452991453,0.758288770053476,0.6351513344073828
0.1452991452991453,0.760427807486631,0.6347562440345456
0.15384615384615385,0.760427807486631,0.634556641473982
0.15384615384615385,0.7647058823529411,0.6334064849629821
0.1623931623931624,0.7647058823529411,0.6332066317672262
0.1623931623931624,0.7657754010695187,0.6328324011081644
0.17094017094017094,0.7657754010695187,0.6328205421846044
0.17094017094017094,0.7668449197860963,0.6323497912045639
0.1794871794871795,0.7668449197860963,0.6319914580106101
0.1794871794871795,0.7796791443850267,0.6282228645640489
0.18803418803418803,0.7796791443850267,0.6276246044041405
0.18803418803418803,0.786096256684492,0.6263497035569106
0.19658119658119658,0.786096256684492,0.6263451604198235
0.19658119658119658,0.7871657754010695,0.6262320239674252
0.20512820512820512,0.7871657754010695,0.6262082788484264
0.20512820512820512,0.7925133689839572,0.625974997939531
0.2222222222222222,0.7925133689839572,0.6256306706053697
0.2222222222222222,0.7957219251336899,0.6251474689702181
0.23931623931623933,0.7957219251336899,0.6249297298964527
0.23931623931623933,0.7978609625668449,0.6244251254169056
0.24786324786324787,0.7978609625668449,0.6239242445744244
0.24786324786324787,0.8042780748663102,0.6219905750696224
0.2564102564102564,0.8042780748663102,0.6217755275287727
0.2564102564102564,0.8245989304812834,0.6143235010533918
0.26495726495726496,0.8245989304812834,0.6138654635703831
0.26495726495726496,0.8288770053475936,0.6130524834143503
0.27350427350427353,0.8288770053475936,0.6129672054082644
0.27350427350427353,0.8331550802139037,0.6108789368413301
0.28205128205128205,0.8331550802139037,0.6107831927864593
0.28205128205128205,0.8342245989304813,0.6105900838105551
0.2905982905982906,0.8342245989304813,0.6103511725269757
0.2905982905982906,0.8449197860962567,0.6067272526488292
0.29914529914529914,0.8449197860962567,0.6066986867007534
0.29914529914529914,0.8502673796791443,0.6049083456560076
0.3333333333333333,0.8502673796791443,0.6041825462353024
0.3333333333333333,0.8673796791443851,0.597951791510689
0.3418803418803419,0.8673796791443851,0.5973665508555885
0.3418803418803419,0.8737967914438503,0.5959864707849052
0.3504273504273504,0.8737967914438503,0.5959589364967499
0.3504273504273504,0.8770053475935828,0.5950229240324567
0.358974358974359,0.8770053475935828,0.5946672871896768
0.358974358974359,0.8855614973262033,0.5925214986226759
0.36752136752136755,0.8855614973262033,0.592358948669901
0.36752136752136755,0.8887700534759359,0.5910083992651269
0.37606837606837606,0.8887700534759359,0.5909875670328517
0.37606837606837606,0.893048128342246,0.5895598168062429
0.38461538461538464,0.893048128342246,0.5890051935368679
0.38461538461538464,0.895187165775401,0.5884277778813252
0.39316239316239315,0.895187165775401,0.587297166831289
0.39316239316239315,0.8962566844919786,0.5872751297915703
0.4017094017094017,0.8962566844919786,0.5868736824317643
0.4017094017094017,0.8983957219251337,0.5863357424952993
0.41025641025641024,0.8983957219251337,0.5856001758167524
0.41025641025641024,0.9026737967914439,0.5841404247982723
0.4188034188034188,0.9026737967914439,0.5838388724439717
0.4188034188034188,0.9058823529411765,0.5828615196215627
0.4444444444444444,0.9058823529411765,0.5817163043141762
0.4444444444444444,0.9080213903743316,0.5805863182714095
0.46153846153846156,0.9080213903743316,0.5796675345199815
0.46153846153846156,0.9133689839572192,0.5773707328788816
0.47863247863247865,0.9133689839572192,0.5759451391288627
0.47863247863247865,0.9144385026737968,0.5756269138535828
0.48717948717948717,0.9144385026737968,0.5749079358733582
0.48717948717948717,0.9176470588235294,0.5731946916028655
0.49572649572649574,0.9176470588235294,0.5721199444546975
0.49572649572649574,0.9208556149732621,0.5708963530217697
0.5042735042735043,0.9208556149732621,0.5705290775117398
0.5042735042735043,0.9240641711229947,0.5693900259776148
0.5128205128205128,0.9240641711229947,0.5686880616230137
0.5128205128205128,0.9272727272727272,0.566452726154218
0.5299145299145299,0.9272727272727272,0.5644151285698675
0.5299145299145299,0.9294117647058824,0.5639450366886511
0.5384615384615384,0.9294117647058824,0.5631872178305066
0.5384615384615384,0.93048128342246,0.5631340136019714
0.5470085470085471,0.93048128342246,0.5621826457073038
0.5470085470085471,0.9336898395721925,0.5612284528268772
0.5555555555555556,0.9336898395721925,0.5608949041334139
0.5555555555555556,0.9368983957219251,0.5597929981672144
0.5641025641025641,0.9368983957219251,0.5597051924442031
0.5641025641025641,0.9379679144385027,0.5591236538010911
0.5726495726495726,0.9379679144385027,0.5579640541811488
0.5726495726495726,0.9443850267379679,0.5546087762167399
0.5811965811965812,0.9443850267379679,0.5521906142743713
0.5811965811965812,0.9572192513368984,0.5404320356299064
0.5897435897435898,0.9572192513368984,0.540254344842297
0.5897435897435898,0.9582887700534759,0.5381807407771146
0.5982905982905983,0.9582887700534759,0.5378017837271053
0.5982905982905983,0.9625668449197861,0.5355239889924561
0.6239316239316239,0.9625668449197861,0.5315631757255048
0.6239316239316239,0.9636363636363636,0.5296358773943506
0.6410256410256411,0.9636363636363636,0.5280332471046817
0.6410256410256411,0.9657754010695188,0.5258219664993067
0.6495726495726496,0.9657754010695188,0.5248593537541143
0.6495726495726496,0.9668449197860962,0.523918862711487
0.6666666666666666,0.9668449197860962,0.5230199822795257
0.6666666666666666,0.9700534759358289,0.5215743104700277
0.717948717948718,0.9700534759358289,0.5186951916351623
0.717948717948718,0.9711229946524064,0.5165225308353588
0.7350427350427351,0.9711229946524064,0.5153944908122261
0.7350427350427351,0.9721925133689839,0.5139742047957001
0.7521367521367521,0.9721925133689839,0.512164994163683
0.7521367521367521,0.9764705882352941,0.507395536771889
0.7606837606837606,0.9764705882352941,0.5070134198758753
0.7606837606837606,0.9775401069518717,0.5056568517421053
0.7692307692307693,0.9775401069518717,0.5025623477571671
0.7692307692307693,0.9796791443850268,0.4997488298403745
0.7777777777777778,0.9796791443850268,0.4993649532449741
0.7777777777777778,0.9850267379679144,0.49387066815967606
0.7863247863247863,0.9850267379679144,0.4936415911384447
0.7863247863247863,0.986096256684492,0.4934883778810934
0.7948717948717948,0.986096256684492,0.4922401063672817
0.7948717948717948,0.9871657754010695,0.491660555655832
0.8034188034188035,0.9871657754010695,0.49023138709749536
0.8034188034188035,0.9882352941176471,0.4883103330004098
0.8205128205128205,0.9882352941176471,0.4873775722974514
0.8205128205128205,0.9893048128342246,0.4869038321705856
0.8461538461538461,0.9893048128342246,0.4814285314474616
0.8461538461538461,0.9914438502673797,0.4793750175252274
0.8547008547008547,0.9914438502673797,0.47836792283369656
0.8547008547008547,0.9925133689839573,0.4759291535979965
0.8632478632478633,0.9925133689839573,0.475343148233115
0.8632478632478633,0.9935828877005347,0.47478023695148397
0.8974358974358975,0.9935828877005347,0.4626224132705624
0.8974358974358975,0.9957219251336898,0.462123665617193
0.905982905982906,0.9957219251336898,0.45978873451367164
0.905982905982906,0.9978609625668449,0.45497951465791486
0.9743589743589743,0.9978609625668449,0.4351539405460322
0.9743589743589743,0.9989304812834224,0.4320126191513378
0.9829059829059829,0.9989304812834224,0.4287740149553161
0.9829059829059829,1.0,0.407983142999891
1.0,1.0,0.3709452591326927
