query_index,latency_embedding_ms,latency_identification_ms
0,9.21130005735904,9.4822000246495
1,9.183600079268217,9.373700013384223
2,11.129299993626773,11.362000019289553
3,11.826100060716271,11.980899958871305
4,11.054900009185076,11.261700070463121
5,12.513999943621457,12.676000013016164
6,12.200099998153746,12.357000028714538
7,11.844499967992306,12.028199969790876
8,12.80839997343719,12.961899978108704
9,13.711399980820715,13.865099987015128
10,13.442000024951994,13.664600090123713
11,15.829800046049058,15.983000048436224
12,12.615300016477704,12.807899969629943
13,11.724299984052777,11.879700003191829
14,18.288300023414195,18.537999945692718
15,34.501199959777296,34.658399992622435
16,16.15249994210899,16.410799929872155
17,14.979500090703368,15.19980002194643
18,14.431199990212917,14.591399929486215
19,23.618100094608963,23.886100039817393
20,14.172099996358156,14.327199896797538
21,12.44690001476556,12.603700044564903
22,14.173699892126024,14.348099939525127
23,42.33359999489039,42.48369997367263
24,12.312899925746024,12.496799929067492
25,11.653400026261806,11.83510001283139
26,12.42350006941706,12.60260003618896
27,13.483299990184605,13.634999981150031
28,12.16880010906607,12.379800085909665
29,11.927400017157197,12.078900006599724
30,13.435100088827312,13.64570006262511
31,13.906300067901611,14.127400005236268
32,11.441200040280819,11.594500043429434
33,14.944099937565625,15.135199995711446
34,11.345100007019937,11.50170003529638
35,11.556299985386431,11.709499987773597
36,11.215499951504171,11.366499937139452
37,11.221299995668232,11.369899963028729
38,13.420900097116828,13.572800089605153
39,10.606199968606234,10.772099951282144
40,12.624700088053942,12.774700066074729
41,10.814000037498772,10.962900007143617
42,11.229699943214655,11.384699959307909
43,11.48550002835691,11.639400036074221
44,11.82289991993457,11.973700020462275
45,12.042099959217012,12.234000023454428
46,11.882200022228062,12.034800020046532
47,15.54339996073395,15.783000038936734
48,14.761599944904447,14.98199999332428
49,13.643300044350326,13.852000003680587
50,12.734999996609986,12.947500101290643
51,11.547799920663238,11.71350001823157
52,13.641500030644238,13.793400023132563
53,14.202199992723763,14.398699975572526
54,12.580699985846877,12.748099979944527
55,12.198199983686209,12.359900050796568
56,12.825999991036952,12.98190001398325
57,13.465399970300496,13.612200040370226
58,12.410299968905747,12.558799935504794
59,12.868899968452752,13.04250000976026
60,13.175199972465634,13.327399967238307
61,12.61569990310818,12.766200001351535
62,13.326199958100915,13.479999965056777
63,12.370600015856326,12.51799997407943
64,12.347099953331053,12.51049991697073
65,12.078400002792478,12.294000014662743
66,13.739399961195886,13.937699957750738
67,12.553000007756054,12.704499997198582
68,11.26749999821186,11.493799975141883
69,11.334100039675832,11.493699974380434
70,12.20529992133379,12.358899926766753
71,12.909399927593768,13.060700031928718
72,11.354300077073276,11.563200037926435
73,18.323500058613718,18.502000020816922
74,15.391399967484176,15.576399979181588
75,15.164399985224009,15.329399961046875
76,38.62969996407628,38.8519000262022
77,15.865700086578727,16.091500059701502
78,16.59260003361851,16.89610001631081
79,14.409799943678081,14.561699936166406
80,13.013399904593825,13.163099996745586
81,11.574700009077787,11.763000045903027
82,13.016999932006001,13.173399958759546
83,11.525999987497926,11.677099973894656
84,13.694699970073998,13.86189996264875
85,12.689499999396503,12.845900026150048
86,12.610999983735383,12.831200030632317
87,14.327600016258657,14.539299998432398
88,11.075699934735894,11.233599972911179
89,14.006800018250942,14.158000005409122
90,13.210700009949505,13.374599977396429
91,11.987000005319715,12.153099989518523
92,13.205799972638488,13.463399955071509
93,13.177199987694621,13.339699944481254
94,13.355000060983002,13.574899989180267
95,14.844399993307889,15.061000012792647
96,13.679899973794818,13.831600081175566
97,12.881099944934249,13.034399948082864
98,12.56860001012683,12.733499985188246
99,14.44249995984137,14.636899926699698
100,11.344800004735589,11.496399994939566
101,11.165899923071265,11.318099917843938
102,12.385300011374056,12.53579999320209
103,10.910299955867231,11.062299949117005
104,10.970499948598444,11.121300049126148
105,12.415700010024011,12.620000052265823
106,11.040800018236041,11.207300005480647
107,11.975500034168363,12.172300019301474
108,10.51799999549985,10.667299968190491
109,11.15499995648861,11.336799943819642
110,13.37289996445179,13.648999971337616
111,13.96849995944649,14.135499950498343
112,15.03380003850907,15.230700024403632
113,13.794200029224157,13.948200037702918
114,13.25709989760071,13.423799886368215
115,13.436199980787933,13.58779997099191
116,11.022099992260337,11.244300054386258
117,11.647999985143542,11.796900071203709
118,13.284999993629754,13.485200004652143
119,11.161100002937019,11.30940008442849
120,10.317600099369884,10.526200057938695
121,14.057400054298341,14.256800059229136
122,11.632599984295666,11.786499992012978
123,11.926300008781254,12.100299936719239
124,11.84849999845028,12.001299997791648
125,13.105700025334954,13.256900012493134
126,14.5388999953866,14.733000076375902
127,14.531799941323698,14.683599933050573
128,13.59659992158413,13.789099990390241
129,13.755299965851009,13.908199965953827
130,12.57409993559122,12.729699956253171
131,13.249000068753958,13.415300054475665
132,12.262699892744422,12.41129997652024
133,13.190799974836409,13.339900062419474
134,43.28370001167059,43.44060004223138
135,11.22480002231896,11.42630004324019
136,12.332700076512992,12.481600046157837
137,10.383399901911616,10.534600005485117
138,10.431399918161333,10.585299925878644
139,11.717200046405196,11.867500026710331
140,10.922899935394526,11.071900022216141
141,13.419800088740885,13.614300056360662
142,11.637900024652481,11.795600061304867
143,10.537500027567148,10.691800038330257
144,10.99049998447299,11.139799957163632
145,11.175599996931851,11.327899992465973
146,12.394799967296422,12.562899966724217
147,14.33439995162189,14.522299985401332
148,10.42599999345839,10.577699984423816
149,10.984200052917004,11.13890006672591
150,11.09409995842725,11.244299937970936
151,12.355500017292798,12.505099992267787
152,12.157399905845523,12.310699908994138
153,11.496299994178116,11.64529996458441
154,10.35510003566742,10.546799981966615
155,12.293700012378395,12.442799983546138
156,11.490299948491156,11.643199948593974
157,11.22620003297925,11.376700014807284
158,10.927999974228442,11.07789995148778
159,10.173900052905083,10.325700044631958
160,10.177399963140488,10.330199962481856
161,11.179800028912723,11.330200009979308
162,10.10309997946024,10.252999956719577
163,13.76570004504174,13.918100041337311
164,12.95680005569011,13.107600039802492
165,13.040399993769825,13.191499980166554
166,13.253699988126755,13.412399915978312
167,12.988499947823584,13.140599941834807
168,10.54170005954802,10.695700068026781
169,11.336299940012395,11.488399934023619
170,10.43769996613264,10.589099954813719
171,10.531999985687435,10.681899962946773
172,11.065499973483384,11.2185999751091
173,10.3932999772951,10.543499956838787
174,12.218700023368001,12.373099918477237
175,11.962899938225746,12.115899939090014
176,10.44690003618598,10.597600019536912
177,11.066799983382225,11.215300066396594
178,10.834599961526692,10.983100044541061
179,10.315199964679778,10.470199980773032
180,11.42909994814545,11.579799931496382
181,10.399700026027858,10.551200015470386
182,10.222199955023825,10.372399934567511
183,11.201499961316586,11.355699971318245
184,10.527599952183664,10.679699946194887
185,10.822399985045195,10.976899997331202
186,11.414899956434965,11.604500003159046
187,10.459200013428926,10.609499993734062
188,12.316999956965446,12.467899941839278
189,13.033099938184023,13.18759995047003
190,10.669399984180927,10.821999981999397
191,11.208700016140938,11.358099989593029
192,10.394699987955391,10.549300001002848
193,11.093799956142902,11.24669995624572
194,10.45440009329468,10.606500087305903
195,10.709800058975816,10.86180005222559
196,10.872400016523898,11.021799989975989
197,12.002300005406141,12.165699969045818
198,12.08989997394383,12.285599950700998
199,12.466699932701886,12.619899935089052
200,12.620899942703545,12.784600025042892
201,13.017700053751469,13.174400082789361
202,14.060699963010848,14.27509996574372
203,8.592600002884865,8.741899975575507
204,6.767699960619211,6.919399951584637
205,6.841099937446415,6.98880001436919
206,12.781199999153614,12.934799888171256
207,11.473799939267337,11.627899948507547
208,10.404799948446453,10.565000004135072
209,10.57869999203831,10.72959997691214
210,11.174699990078807,11.326599982567132
211,10.700200102292001,10.850400081835687
212,12.164499959908426,12.317499960772693
213,12.690600007772446,12.843000004068017
214,12.225300073623657,12.388800038024783
215,13.556300080381334,13.702900032512844
216,8.47319990862161,8.620199980214238
217,10.459500015713274,10.611100005917251
218,6.448499974794686,6.5963000524789095
219,11.093099950812757,11.243999935686588
220,12.49280001502484,12.644500005990267
221,6.492399959824979,6.641900050453842
222,11.144399992190301,11.295400094240904
223,13.883300009183586,14.09609999973327
224,9.435199899598956,9.607899934053421
225,8.59630003105849,8.744999999180436
226,13.028100016526878,13.17579997703433
227,12.519899988546968,12.675400008447468
228,13.059900025837123,13.210200006142259
229,12.444299994967878,12.597799999639392
230,7.078599999658763,7.231199997477233
231,9.28680005017668,9.476899984292686
232,7.295200019143522,7.441700086928904
233,11.440300033427775,11.590400012210011
234,13.44430004246533,13.594100018963218
235,8.429099922068417,8.578900014981627
236,33.519000047817826,33.716100035235286
237,12.996900011785328,13.146699988283217
238,11.127799982205033,11.278299964033067
239,11.686500045470893,11.83510001283139
240,11.693899985402822,11.84089994058013
241,11.368899955414236,11.520199943333864
242,12.162800063379109,12.31080002617091
243,11.150199919939041,11.301600025035441
244,11.275499942712486,11.424699914641678
245,6.525699980556965,6.675200071185827
246,13.321900041773915,13.471500016748905
247,10.782100027427077,10.933000012300909
248,6.5234999638050795,6.673099938780069
249,10.707000037655234,10.856200009584427
250,11.87809999100864,12.074200087226927
251,12.330099940299988,12.483699945732951
252,11.938100098632276,12.102200067602098
253,37.40569995716214,37.61250001844019
254,14.81620001140982,15.008500078693032
255,9.35019995085895,9.541800012812018
256,11.358099989593029,11.506999959237874
257,10.532300104387105,10.681400075554848
258,10.77860000077635,10.92989998869598
259,9.267700021155179,9.45870007853955
260,12.945599970407784,13.094699941575527
261,13.401899952441454,13.612099923193455
262,9.49539989233017,9.694299893453717
263,13.38609994854778,13.537000049836934
264,12.072500074282289,12.224000063724816
265,10.414900025352836,10.561299975961447
266,10.704100015573204,10.851300088688731
267,9.163100039586425,9.352300083264709
268,10.75639994814992,10.905299917794764
269,10.38320001680404,10.53269999101758
270,11.140599963255227,11.288900044746697
271,10.425699991174042,10.574999963864684
272,10.303600109182298,10.451800073496997
273,11.150699923746288,11.296699987724423
274,31.235500006005168,31.385799986310303
275,11.150800040923059,11.302300030365586
276,11.289200047031045,11.4365000044927
277,12.401500018313527,12.548099970445037
278,11.238500010222197,11.39210001565516
279,9.42160002887249,9.613800095394254
280,12.254499946720898,12.404099921695888
281,12.88990001194179,13.037200085818768
282,12.908300035633147,13.11530009843409
283,12.905200012028217,13.056600000709295
284,8.86449997778982,9.034299990162253
285,8.908099960535765,9.057500050403178
286,11.852600029669702,12.007300043478608
287,13.003100058995187,13.153200037777424
288,8.459400036372244,8.610000018961728
289,10.414800024591386,10.566100012511015
290,9.227000060491264,9.42160002887249
291,11.190199991688132,11.346300016157329
292,51.37340002693236,51.52089998591691
293,10.414000018499792,10.566000011749566
294,6.528199999593198,6.673700059764087
295,11.286100023426116,11.435199994593859
296,11.828499962575734,11.979599948972464
297,11.091799940913916,11.245399946346879
298,10.265400051139295,10.414800024591386
299,10.375799960456789,10.523200035095215
300,11.478599975816905,11.63199997972697
301,10.248700040392578,10.398400016129017
302,10.608599986881018,10.76380000449717
303,12.494900031015277,12.667399947531521
304,12.482800055295229,12.636600062251091
305,10.7282999670133,10.884699993766844
306,11.490599950775504,11.64239994250238
307,10.278900037519634,10.439099976792932
308,11.410800041630864,11.568400077521801
309,10.124400025233626,10.272399988025427
310,10.659400024451315,10.816000052727759
311,12.637600069865584,12.788200052455068
312,12.180700083263218,12.339000008068979
313,12.684099958278239,12.83799996599555
314,10.677199927158654,10.840400005690753
315,10.27950004208833,10.43060002848506
316,11.14299998153001,11.292999959550798
317,11.123200063593686,11.277000070549548
318,12.890299898572266,13.038799981586635
319,10.195099981501698,10.345599963329732
320,11.565000051632524,11.714700027368963
321,12.723800027742982,12.875800020992756
322,12.142600025981665,12.293800013139844
323,10.366300004534423,10.515999980270863
324,11.157099972479045,11.33119990117848
325,10.344799957238138,10.497599956579506
326,11.302499915473163,11.453499901108444
327,10.728200082667172,10.877100052312016
328,10.508499923162162,10.65569999627769
329,12.866499950177968,13.014000025577843
330,10.398500016890466,10.550100007094443
331,11.219299980439246,11.373699991963804
332,10.909999953582883,11.064299964345992
333,10.343299945816398,10.492099914699793
334,12.948199990205467,13.143499963916838
335,13.502500019967556,13.692000065930188
336,11.446500080637634,11.598500073887408
337,10.792599990963936,10.945399990305305
338,13.895199983380735,14.093599980697036
339,11.907799984328449,12.062099995091558
340,11.021399986930192,11.170499958097935
341,10.765600018203259,10.911300079897046
342,10.974999982863665,11.122999945655465
343,10.874099913053215,11.02599990554154
344,10.503400000743568,10.653899982571602
345,11.019199970178306,11.168800061568618
346,10.212299996055663,10.359200066886842
347,10.877599939703941,11.026299907825887
348,11.217999970540404,11.383799952454865
349,11.310299974866211,11.47060003131628
350,14.112900011241436,14.26039997022599
351,17.753200023435056,17.904500011354685
352,10.26739994995296,10.441899998113513
353,11.364700039848685,11.514600017108023
354,10.223999968729913,10.39650000166148
355,10.212399996817112,10.365900001488626
356,11.149500031024218,11.301000020466745
357,10.22900000680238,10.410899994894862
358,10.921899927780032,11.072099907323718
359,11.18289993610233,11.33430004119873
360,21.520999958738685,21.712100016884506
361,12.33119994867593,12.48529995791614
362,12.460199999623,12.610499979928136
363,11.016800068318844,11.167100048623979
364,11.137100053019822,11.288800043985248
365,10.626400006003678,10.781200020574033
366,10.437600081786513,10.59499999973923
367,13.284299988299608,13.4336999617517
368,10.74309996329248,10.892899939790368
369,11.014000046998262,11.167100048623979
370,10.689600021578372,10.841700015589595
371,10.4439000133425,10.590500081889331
372,11.339199962094426,11.49000006262213
373,15.769299934618175,15.920799924060702
374,10.378899984061718,10.570799931883812
375,12.911800062283874,13.069799984805286
376,11.714400025084615,11.86630001757294
377,11.846199980936944,11.994300060905516
378,10.407799971289933,10.555200045928359
379,10.816200054250658,10.962000000290573
380,10.986299952492118,11.135099921375513
381,10.370200034230947,10.520500014536083
382,11.424100026488304,11.574100004509091
383,19.762099953368306,19.960000063292682
384,10.403999942354858,10.553700034506619
385,12.277500005438924,12.454799958504736
386,10.318199987523258,10.467699961736798
387,10.369000025093555,10.516500100493431
388,11.012100032530725,11.161300004459918
389,11.423000018112361,11.58340007532388
390,11.570199974812567,11.723199975676835
391,13.005999964661896,13.158199959434569
392,17.716500093229115,17.864600056782365
393,10.566099896095693,10.73409989476204
394,12.04120006877929,12.206100043840706
395,10.996700031682849,11.147200013510883
396,12.387799913994968,12.535299989394844
397,11.105800047516823,11.253500008024275
398,11.015099938958883,11.168699944391847
399,12.366200098767877,12.519200099632144
400,13.38350004516542,13.572399970144033
401,11.21300004888326,11.361900018528104
402,13.15840007737279,13.319400022737682
403,12.147300061769783,12.293300009332597
404,12.208999949507415,12.359400046989322
405,13.108500046655536,13.258700026199222
406,12.247200007550418,12.401500018313527
407,13.04560003336519,13.200700050219893
408,12.428399990312755,12.579399975948036
409,13.200400047935545,13.348300009965897
410,12.316699954681098,12.465699925087392
411,12.385000009089708,12.534099980257452
412,13.883600011467934,14.050500001758337
413,11.295300093479455,11.440800037235022
414,11.993799940682948,12.14449992403388
415,11.415299959480762,11.565899942070246
416,11.12250005826354,11.27200003247708
417,13.433600077405572,13.588399975560606
418,13.14360008109361,13.334200019016862
419,10.37569995969534,10.526399943046272
420,11.94739993661642,12.095300015062094
421,11.582400067709386,11.729200021363795
422,11.421400005929172,11.568999965675175
423,12.487900094129145,12.638100073672831
424,12.499500066041946,12.652400066144764
425,13.549999915994704,13.696999987587333
426,11.292400071397424,11.441600043326616
427,12.049700017087162,12.197599979117513
428,11.938200099393725,12.09740003105253
429,13.889900059439242,14.089200063608587
430,10.376299964264035,10.527599952183664
431,12.265500030480325,12.417100020684302
432,11.459600063972175,11.608800035901368
433,24.797299993224442,24.947899975813925
434,11.50030002463609,11.649699998088181
435,13.7137999990955,13.911699992604554
436,15.561999985948205,15.750000020489097
437,11.007900000549853,11.159899993799627
438,11.635800008662045,11.788600008003414
439,13.380600023083389,13.532000011764467
440,12.46190001256764,12.611599988304079
441,32.06729993689805,32.21909992862493
442,11.097799986600876,11.24819996766746
443,11.414999957196414,11.563299922272563
444,10.706099914386868,10.86599996779114
445,13.051599962636828,13.235499965958297
446,13.264899956993759,13.414499931968749
447,10.778900003060699,10.92550007160753
448,11.163800023496151,11.318200035020709
449,15.34199994057417,15.537899918854237
450,12.439000071026385,12.616100022569299
451,13.062200043350458,13.271100004203618
452,13.963900040835142,14.163800049573183
453,13.719199923798442,13.908499968238175
454,14.857199974358082,15.050299931317568
455,14.934799983166158,15.123100019991398
456,13.256800011731684,13.421299983747303
457,12.791899964213371,12.945199967361987
458,13.000700040720403,13.191800098866224
459,10.721200029365718,10.893299942836165
460,11.858899961225688,12.008000048808753
461,13.934400049038231,14.15509998332709
462,13.887999928556383,14.104999951086938
463,13.926299987360835,14.128900016658008
464,14.11390001885593,14.268700033426285
465,12.936800019815564,13.092200038954616
466,13.197400025092065,13.345600105822086
467,12.411599978804588,12.584200012497604
468,13.841800042428076,14.012000057846308
469,13.154299929738045,13.306799926795065
470,12.982700020074844,13.133700005710125
471,13.485999894328415,13.64239992108196
472,12.981799896806479,13.169599929824471
473,13.281399966217577,13.431600062176585
474,11.397699941881001,11.628199950791895
475,13.560200110077858,13.710600091144443
476,12.358400039374828,12.55980005953461
477,13.07820004876703,13.230700045824051
478,12.325599906034768,12.47059996239841
479,13.106100028380752,13.295299955643713
480,10.327999945729971,10.477700037881732
481,11.022200109437108,11.17579999845475
482,10.37249993532896,10.524500044994056
483,10.55040000937879,10.719000012613833
484,12.711100047454238,12.870899983681738
485,11.769400094635785,11.919400072656572
486,10.27960004284978,10.432600043714046
487,11.5651999367401,11.714100022800267
488,10.435199947096407,10.58610004838556
489,10.249600047245622,10.400500032119453
490,10.766300023533404,10.91349998023361
491,10.254999971948564,10.404799948446453
492,10.952400043606758,11.105600045993924
493,10.234400047920644,10.383700020611286
494,10.927099967375398,11.081299977377057
495,10.231000022031367,10.380799998529255
496,20.588200073689222,20.785900065675378
497,10.559200076386333,10.711500071920455
498,10.83789998665452,10.98920009098947
499,10.305999894626439,10.458699893206358
500,11.383599950931966,11.53409993276
501,10.372899938374758,10.52659994456917
502,10.493700043298304,10.646500042639673
503,11.176900006830692,11.331500019878149
504,10.774599970318377,10.924800066277385
505,11.538000078871846,11.740999994799495
506,14.168199966661632,14.365799957886338
507,13.678399962373078,13.82769993506372
508,12.135499971918762,12.284299940802157
509,10.910999961197376,11.066399980336428
510,10.471299989148974,10.646300041116774
511,11.117300018668175,11.267299996688962
512,13.15499993506819,13.345399987883866
513,11.481900000944734,11.63199997972697
514,11.316200019791722,11.464799987152219
515,10.282599949277937,10.432599927298725
516,24.956599925644696,25.149399996735156
517,12.765999999828637,12.91669998317957
518,11.31629990413785,11.467900010757148
519,12.354400008916855,12.503599980846047
520,11.21719996444881,11.373199988156557
521,11.292999959550798,11.440999922342598
522,13.009599992074072,13.167899916879833
523,11.06190006248653,11.223700013943017
524,11.06459996663034,11.21399994008243
525,12.434000032953918,12.580399983562529
526,11.51660003233701,11.665199999697506
527,12.140600010752678,12.336800107732415
528,10.430799913592637,10.58279990684241
529,11.169099947437644,11.317599914036691
530,10.970500065013766,11.11950003542006
531,12.031499994918704,12.194099952466786
532,11.437100009061396,11.597800068557262
533,11.387899983674288,11.538200080394745
534,10.598400025628507,10.748500004410744
535,11.339100077748299,11.536600068211555
536,10.506800026632845,10.65730000846088
537,14.395100064575672,14.580500079318881
538,10.486199986189604,10.634299949742854
539,11.367199942469597,11.517399922013283
540,11.19210000615567,11.343999998643994
541,10.782900033518672,10.93580003362149
542,10.533099994063377,10.682599968276918
543,11.079900083132088,11.231300071813166
544,10.969999944791198,11.118099908344448
545,10.63939998857677,10.79039997421205
546,11.444300063885748,11.597000062465668
547,10.329199954867363,10.481799952685833
548,12.136300094425678,12.283800053410232
549,12.482999940402806,12.633400037884712
550,11.363000026904047,11.511199991218746
551,12.509800028055906,12.65869999770075
552,11.139800073578954,11.293200077489018
553,10.575200081802905,10.720600024797022
554,11.645099963061512,11.834200005978346
555,10.4010000359267,10.55060001090169
556,38.16060000099242,38.31110009923577
557,13.32849997561425,13.477100059390068
558,10.672500007785857,10.821999981999397
559,11.736299959011376,11.888799956068397
560,12.393300072290003,12.545200064778328
561,11.19210000615567,11.343499994836748
562,12.479999917559326,12.631399906240404
563,10.457500000484288,10.666500078514218
564,10.939499945379794,11.091499938629568
565,10.333799989894032,10.486499988473952
566,10.313499951735139,10.461900033988059
567,19.945699954405427,20.096799940802157
568,10.347199975512922,10.495000053197145
569,15.026199980638921,15.219799941405654
570,14.325299998745322,14.533499954268336
571,13.480699970386922,13.635499984957278
572,12.899200082756579,13.053800095804036
573,10.923099936917424,11.11640001181513
574,11.510399985127151,11.661099968478084
575,11.065200087614357,11.21440005954355
576,10.558799956925213,10.709099937230349
577,11.572199990041554,11.721999966539443
578,13.746700016781688,13.935200055129826
579,13.500700006261468,13.652099994942546
580,10.278499918058515,10.427200002595782
581,10.511500062420964,10.727700078859925
582,11.346800019964576,11.493800091557205
583,10.958999977447093,11.107400059700012
584,10.735600022599101,10.885800002142787
585,11.157099972479045,11.3045999314636
586,10.997600038535893,11.145900003612041
587,11.412200052291155,11.560400016605854
588,11.956400005146861,12.105899979360402
589,12.202100013382733,12.351299985311925
590,12.302899966016412,12.456299969926476
591,10.35350002348423,10.512600070796907
592,13.720599934458733,13.868700014427304
593,12.17300002463162,12.323000002652407
594,11.284800013527274,11.432600091211498
595,10.241899988614023,10.439099976792932
596,12.406700057908893,12.560500064864755
597,13.299499987624586,13.514299993403256
598,11.155000072903931,11.306900065392256
599,11.131499893963337,11.296599986962974
600,10.494300047867,10.647600051015615
601,11.189499986357987,11.338700074702501
602,10.571800055913627,10.72519994340837
603,10.360299958847463,10.515899979509413
604,11.27489993814379,11.428099940530956
605,11.271399911493063,11.421900009736419
606,10.314600076526403,10.46310004312545
607,19.312200020067394,19.51290003489703
608,11.575299897231162,11.727900011464953
609,11.632599984295666,11.790500022470951
610,11.950300075113773,12.098100036382675
611,10.29399991966784,10.4439000133425
612,11.087600025348365,11.240100022405386
613,10.362799977883697,10.510799940675497
614,10.203099926002324,10.355799924582243
615,11.436300002969801,11.586299980990589
616,10.44110010843724,10.591300087980926
617,12.278600013814867,12.438599951565266
618,13.849399983882904,14.084600028581917
619,12.779099983163178,12.9313999786973
620,11.350100045092404,11.49720000103116
621,10.250299936160445,10.431599919684231
622,10.901900008320808,11.052099987864494
623,10.444200015626848,10.593599989078939
624,10.301299975253642,10.45559998601675
625,12.497800053097308,12.646700022742152
626,11.49579999037087,11.644599959254265
627,10.34909998998046,10.499299969524145
628,10.87769994046539,11.029599932953715
629,10.9537000535056,11.107000056654215
630,19.93780001066625,20.16330009792
631,11.124800075776875,11.274200049228966
632,10.448599932715297,10.598999913781881
633,11.139199952594936,11.287300032563508
634,10.431500035338104,10.579099995084107
635,12.082200031727552,12.229899992235005
636,11.22009998653084,11.379499919712543
637,10.905300034210086,11.056100018322468
638,15.858600032515824,16.010600025765598
639,12.15219998266548,12.331799953244627
640,11.238500010222197,11.388299986720085
641,10.393099975772202,10.542800067923963
642,11.417699977755547,11.569999973289669
643,10.425199987366796,10.581300011835992
644,10.410299990326166,10.562799987383187
645,11.292000068351626,11.440400034189224
646,10.961799998767674,11.110099963843822
647,11.11500000115484,11.263900087215006
648,10.244400007650256,10.395599994808435
649,10.426399996504188,10.582300019450486
650,10.915399994701147,11.066799983382225
651,12.121499981731176,12.27499998640269
652,13.940300093963742,14.129600021988153
653,12.369700009003282,12.56389997433871
654,10.669199982658029,10.837299982085824
655,11.211100034415722,11.362300021573901
656,13.036799966357648,13.18759995047003
657,12.178399949334562,12.393099954351783
658,11.099199997261167,11.268900008872151
659,10.375199955888093,10.525599936954677
660,11.040300014428794,11.190099990926683
661,10.475500021129847,10.634099948219955
662,10.593199986033142,10.743899969384074
663,13.62330000847578,13.811800046823919
664,41.78130009677261,41.930100065656006
665,11.097399983555079,11.245100060477853
666,10.38279989734292,10.533399996347725
667,10.807599988766015,10.955400066450238
668,10.593099985271692,10.742900078184903
669,11.035599978640676,11.188899981789291
670,10.432599927298725,10.585299925878644
671,11.022899998351932,11.172299971804023
672,11.313700000755489,11.463299975730479
673,10.2688999613747,10.417100042104721
674,11.213100049644709,11.373499990440905
675,11.010100017301738,11.160599999129772
676,10.715299984440207,10.88079996407032
677,12.910500052385032,13.06050003040582
678,12.898100074380636,13.04870005697012
679,13.639500015415251,13.78929999191314
680,12.21150008495897,12.363200075924397
681,12.240100069902837,12.388800038024783
682,12.892099912278354,13.05279997177422
683,13.049400062300265,13.19520000834018
684,13.040799996815622,13.191099977120757
685,12.337599997408688,12.493100017309189
686,12.886399985291064,13.034600066021085
687,12.97320006415248,13.132599997334182
688,12.290800106711686,12.444000109098852
689,11.172899976372719,11.32270006928593
690,10.850599966943264,10.998699930496514
691,10.12540003284812,10.274000000208616
692,10.868299985304475,11.018399964086711
693,10.365499998442829,10.513999965041876
694,10.292799910530448,10.44499990530312
695,11.095299967564642,11.244799941778183
696,10.474500013515353,10.624399990774691
697,13.124999939464033,13.273300020955503
698,12.311100028455257,12.476900010369718
699,10.335300001315773,10.48840000294149
700,11.10780006274581,11.256900033913553
701,10.740799945779145,10.889300028793514
702,10.393300093710423,10.541000054217875
703,11.091200052760541,11.238900013267994
704,10.321300011128187,10.47360000666231
705,10.857000015676022,11.069700005464256
706,15.498799970373511,15.690600033849478
707,10.671099997125566,10.82450000103563
708,11.01140002720058,11.16080000065267
709,10.44380001258105,10.594199993647635
710,10.853399988263845,11.004199972376227
711,11.298900004476309,11.456399923190475
712,10.27189998421818,10.420799953863025
713,12.044899980537593,12.209499953314662
714,12.008699937723577,12.173899915069342
715,10.134799988009036,10.283399955369532
716,13.550600036978722,13.745500007644296
717,11.136700049974024,11.288600042462349
718,10.902300011366606,11.058500036597252
719,10.874800034798682,11.023700004443526
720,12.425999972037971,12.576399953104556
721,13.362300000153482,13.51830002386123
722,10.807299986481667,10.970300063490868
723,11.147900018841028,11.305000050924718
724,11.705200071446598,11.852200026623905
725,10.990999988280237,11.139199952594936
726,10.25450008455664,10.406700079329312
727,11.11339998897165,11.262299958616495
728,11.643299949355423,11.797599960118532
729,12.01419997960329,12.175700045190752
730,14.231299981474876,14.379300060681999
731,10.31510008033365,10.465100058354437
732,12.219599913805723,12.375499936752021
733,10.772700072266161,11.04710006620735
734,10.428600013256073,10.582200018689036
735,11.00689999293536,11.158299981616437
736,10.316499974578619,10.471699992194772
737,11.633199988864362,11.785599985159934
738,11.070300010032952,11.255200020968914
739,11.069700005464256,11.221399996429682
740,10.183300008065999,10.333299986086786
741,10.482200072146952,10.631700046360493
742,10.911799967288971,11.072300025261939
743,12.769000022672117,12.978199985809624
744,13.287600013427436,13.436099980026484
745,12.632700032554567,12.787300045602024
746,12.101300060749054,12.250300031155348
747,11.737000080756843,11.946100043132901
748,13.114299974404275,13.26479995623231
749,11.773000005632639,11.92280009854585
750,11.858899961225688,12.008599936962128
751,10.743899969384074,10.898099979385734
752,11.398799950256944,11.547199916094542
753,12.88840000052005,13.088900013826787
754,12.099900050088763,12.248800019733608
755,10.710999951697886,10.879599954932928
756,11.382000055164099,11.533300043083727
757,10.574700077995658,10.725100059062243
758,10.384300025179982,10.536400019191206
759,12.88549997843802,13.03520007058978
760,12.197100091725588,12.348100077360868
761,13.18319991696626,13.333599898032844
762,12.616600026376545,12.780999997630715
763,12.74490007199347,12.896400061435997
764,12.517599971033633,12.668399955146015
765,10.242999996989965,10.394199984148145
766,12.544399942271411,12.692999909631908
767,10.87670004926622,11.050799977965653
768,11.015099938958883,11.173199978657067
769,12.08379992749542,12.235299916937947
770,11.806300026364625,11.962699936702847
771,14.845500001683831,15.041899983771145
772,10.751000023446977,10.903400019742548
773,11.058100033551455,11.208600015379488
774,11.68240001425147,11.832299991510808
775,11.051699984818697,11.206700000911951
776,11.782899964600801,11.932800058275461
777,10.947900009341538,11.096599977463484
778,11.491200071759522,11.648699990473688
779,10.051900055259466,10.20080002490431
780,10.866899974644184,11.019299970939755
781,13.379300013184547,13.582300045527518
782,13.535400037653744,13.73900007456541
783,12.474099989049137,12.62779999524355
784,13.037400087341666,13.191299978643656
785,12.064999900758266,12.21999991685152
786,11.202999972738326,11.354399961419404
787,11.146500008180737,11.293299961835146
788,10.806700098328292,10.967600042931736
789,10.521700023673475,10.67049999255687
790,11.227900045923889,11.37570000719279
791,10.45119995251298,10.60079992748797
792,10.42449998203665,10.580300004221499
793,11.450399993918836,11.599099962040782
794,10.515699977986515,10.665299952961504
795,12.192100053653121,12.34040001872927
796,10.363399982452393,10.520600015297532
797,10.58480003848672,10.733100003562868
798,12.584200012497604,12.773199938237667
799,10.967600042931736,11.11940003465861
800,11.095000081695616,11.245300062000751
801,10.270099970512092,10.416599921882153
802,10.78910008072853,10.9419000800699
803,10.47490001656115,10.628300020471215
804,12.597599998116493,12.74779997766018
805,10.303499992005527,10.456099989823997
806,10.982600040733814,11.139300069771707
807,10.114999953657389,10.265699937008321
808,10.9191999072209,11.083699995651841
809,14.34779993724078,14.4960000179708
810,10.730499983765185,10.884799994528294
811,12.139500002376735,12.290599988773465
812,13.182700029574335,13.335000025108457
813,10.63520007301122,10.788100073114038
814,11.463900096714497,11.613800073973835
815,10.414000018499792,10.564600001089275
816,10.386500041931868,10.533900000154972
817,11.198599939234555,11.349199921824038
818,10.437100077979267,10.586800053715706
819,11.411100043915212,11.559700011275709
820,10.428200010210276,10.578099987469614
821,10.567000019364059,10.71520010009408
822,11.471000034362078,11.621900019235909
823,10.320500005036592,10.468099964782596
824,10.358799947425723,10.512899956665933
825,11.496899998746812,11.64420007262379
826,10.376900085248053,10.537000023759902
827,10.960299987345934,11.112699983641505
828,13.581100036390126,13.781100045889616
829,11.597099946811795,11.752899968996644
830,14.005800010636449,14.157400000840425
831,12.200099998153746,12.349200085736811
832,11.312299990095198,11.462099966593087
833,11.109999963082373,11.260999948717654
834,10.830800049006939,10.9966000309214
835,10.626800009049475,10.775499977171421
836,11.090799933299422,11.241799918934703
837,10.664699948392808,10.815600049681962
838,11.616899981163442,11.764399940147996
839,12.925699935294688,13.07380001526326
840,11.112900101579726,11.262000072747469
841,11.216400074772537,11.373299988918006
842,12.593999970704317,12.801799923181534
843,15.293500036932528,15.485299983993173
844,12.905800016596913,13.055099989287555
845,10.76980005018413,10.91790001373738
846,11.328199994750321,11.487599927932024
847,10.299799963831902,10.451200068928301
848,10.5103999376297,10.658799903467298
849,12.360600056126714,12.513000052422285
850,12.79069995507598,12.973699951544404
851,12.442000093869865,12.593600084073842
852,13.373999972827733,13.524799956940114
853,12.208599946461618,12.358399922959507
854,13.106800033710897,13.256300007924438
855,12.259599985554814,12.407199945300817
856,12.812200002372265,12.970099924132228
857,12.964499997906387,13.112899963743985
858,10.880300076678395,11.03230006992817
859,11.04710006620735,11.19650003965944
860,10.94770000781864,11.100000003352761
861,10.468199965544045,10.614399914629757
862,14.014599961228669,14.164799940772355
863,10.626300005242229,10.776999988593161
864,11.94759993813932,12.096799910068512
865,10.447699925862253,10.595200001262128
866,10.289600002579391,10.440299985930324
867,11.570499977096915,11.721399961970747
868,10.734400013461709,10.883499984629452
869,10.335400002077222,10.484899976290762
870,11.052100104279816,11.197900050319731
871,10.862500057555735,11.010500020347536
872,10.309800039976835,10.461300029419363
873,11.474599945358932,11.6275999462232
874,10.414500022307038,10.564199998043478
875,10.287299985066056,10.43629995547235
876,11.268500005826354,11.416599969379604
877,12.842900003306568,13.000800041481853
878,13.801899971440434,13.948800042271614
879,10.42180007789284,10.574100073426962
880,10.414599906653166,10.567699908278883
881,11.064899968914688,11.215300066396594
882,10.265800054185092,10.413800016976893
883,10.147099965251982,10.296299937181175
884,11.254500015638769,11.40529999975115
885,10.23060001898557,10.38320001680404
886,10.310799931176007,10.461799916811287
887,11.062900070101023,11.213500052690506
888,10.229700012132525,10.380699997767806
889,11.291000060737133,11.442400049418211
890,10.481999954208732,10.63220005016774
891,10.843600030057132,11.003500083461404
892,10.630900040268898,10.781200020574033
893,10.343999951146543,10.491500026546419
894,11.192700010724366,11.351500055752695
895,10.255099972710013,10.4050999507308
896,10.368600022047758,10.516899987123907
897,10.974600096233189,11.128999991342425
898,10.31639997381717,10.466199950315058
899,11.152700055390596,11.302500031888485
900,10.554300039075315,10.712499963119626
901,11.30320003721863,11.454700026661158
902,10.980900027789176,11.132300016470253
903,10.384800028987229,10.53560001309961
904,10.919100022874773,11.068599997088313
905,10.237999958917499,10.388399939984083
906,11.050900095142424,11.201600078493357
907,10.201500030234456,10.35210001282394
908,10.327700059860945,10.477200034074485
909,11.120700044557452,11.271200026385486
910,10.881799971684813,11.032999958842993
911,10.263500036671758,10.412100004032254
912,11.863899999298155,12.023799936287105
913,13.06790008675307,13.220100081525743
914,12.311000027693808,12.463800027035177
915,11.250699986703694,11.398599948734045
916,10.646500042639673,10.813000029884279
917,10.422199964523315,10.573599953204393
918,11.364099918864667,11.520499945618212
919,11.918500065803528,12.07359996624291
920,12.720300001092255,12.868899968452752
921,11.502599925734103,11.656899936497211
922,13.27070000115782,13.461800059303641
923,11.663599987514317,11.876399978064
924,13.808899908326566,13.9981999527663
925,10.443200008012354,10.592399979941547
926,11.686600046232343,11.838400037959218
927,10.50910004414618,10.660700034350157
928,11.160099995322526,11.314800009131432
929,11.232400080189109,11.445900076068938
930,14.255300047807395,14.475699979811907
931,11.742600006982684,11.88969996292144
932,10.746799991466105,10.960099985823035
933,10.265000048093498,10.412600007839501
934,10.759900091215968,10.911700082942843
935,10.311700054444373,10.46170003246516
936,10.862300056032836,11.008700006641448
937,10.257899994030595,10.408899979665875
938,13.48550000693649,13.675899943336844
939,10.229500010609627,10.37719997111708
940,10.789599968120456,10.939900064840913
941,13.264300068840384,13.454200001433492
942,11.121200048364699,11.271500028669834
943,10.157500044442713,10.306800017133355
944,10.285700089298189,10.434600058943033
945,10.936699924059212,11.084800004027784
946,10.293700033798814,10.444600018672645
947,11.329300003126264,11.47820008918643
948,10.387599933892488,10.535400011576712
949,10.964200017042458,11.165100033394992
950,12.336799991317093,12.486699968576431
951,10.429500020109117,10.57699997909367
952,10.262200026772916,10.411499999463558
953,11.464299983344972,11.613499955274165
954,10.88069996330887,11.029700050130486
955,10.912299971096218,11.072900029830635
956,10.328299948014319,10.477499919943511
957,10.471399989910424,10.624799993820488
958,10.93580003362149,11.095300083979964
959,10.263300035148859,10.410499991849065
960,11.063600075431168,11.214000056497753
961,10.349399992264807,10.506599908694625
962,10.28970000334084,10.43629995547235
963,11.25139999203384,11.400199960917234
964,10.868199984543025,11.059799930080771
965,10.195699986070395,10.349199990741909
966,10.791599983349442,10.940100066363811
967,12.327400036156178,12.524700025096536
968,10.92969998717308,11.077399947680533
969,13.516100007109344,13.706000056117773
970,12.112900032661855,12.269500060938299
971,10.867400094866753,11.020600097253919
972,11.516200029291213,11.663599987514317
973,10.73570002336055,10.884199989959598
974,10.829300037585199,10.980900027789176
975,10.604200069792569,10.757500072941184
976,10.412900010123849,10.565600008703768
977,11.3163999048993,11.465299990959466
978,10.280200047418475,10.429600020870566
979,11.155299958772957,11.304900050163269
980,10.438699973747134,10.588199947960675
981,10.279000038281083,10.42750000488013
982,12.279799906536937,12.429499998688698
983,10.360500076785684,10.511400061659515
984,10.276999906636775,10.42879989836365
985,11.363600031472743,11.514200014062226
986,10.345499962568283,10.495699942111969
987,11.377600021660328,11.528700008057058
988,10.30920003540814,10.457700002007186
989,10.37849998101592,10.528499959036708
990,11.437300010584295,11.587799992412329
991,12.897000066004694,13.134300010278821
992,15.336099895648658,15.531099983491004
993,10.623299982398748,10.77419996727258
994,11.780999950133264,11.930199922062457
995,11.212100042030215,11.37740002013743
996,10.564199998043478,10.72540006134659
997,10.716799995861948,10.868699988350272
998,10.943200089968741,11.10030000563711
999,10.957099962979555,11.11189997754991
1000,10.963500011712313,11.110299965366721
1001,11.198899941518903,11.34610001463443
1002,10.961399995721877,11.110500083304942
1003,10.840400005690753,10.988299967721105
1004,10.775799979455769,10.923199937678874
1005,11.839100043289363,11.98780001141131
1006,11.02760003414005,11.17870002053678
1007,11.71789993532002,11.865000007674098
1008,11.129599995911121,11.275699944235384
1009,12.357600033283234,12.507000006735325
1010,12.047099997289479,12.3744000447914
1011,11.954499990679324,12.101000058464706
1012,11.510299984365702,11.658399947918952
1013,11.179800028912723,11.327799991704524
1014,12.24840001668781,12.396699981763959
1015,11.88700005877763,12.047199998050928
1016,11.226900038309395,11.382000055164099
1017,12.462800019420683,12.629400007426739
1018,11.112500098533928,11.261200066655874
1019,11.671300046145916,11.816399986855686
1020,11.552699957974255,11.702699935995042
1021,11.644599959254265,11.792099918238819
1022,11.327499989420176,11.479699984192848
1023,12.388099916279316,12.538000009953976
1024,12.424399959854782,12.578899972140789
1025,12.50780001282692,12.662700028158724
1026,11.876100092194974,12.028500088490546
1027,12.30479998048395,12.451399932615459
1028,11.454100022092462,11.60229998640716
1029,11.349900043569505,11.49880001321435
1030,12.09740003105253,12.24690000526607
1031,11.037399992346764,11.18299993686378
1032,11.928600026294589,12.076899991370738
1033,11.057399911805987,11.282199993729591
1034,11.338200070895255,11.487800045870245
1035,10.180700104683638,10.330300079658628
1036,11.20400009676814,11.361200013197958
1037,11.990200029686093,12.140500009991229
1038,11.984399985522032,12.1296999277547
1039,10.312599944882095,10.45870000962168
1040,10.483100078999996,10.630300035700202
1041,11.137999943457544,11.286500026471913
1042,10.47800004016608,10.627400013618171
1043,10.320600005798042,10.466800071299076
1044,11.998999980278313,12.151299975812435
1045,10.33989991992712,10.489500011317432
1046,10.896499967202544,11.041300022043288
1047,11.521699954755604,11.670300038531423
1048,10.317000094801188,10.465100058354437
1049,11.401399970054626,11.549399932846427
1050,10.426399996504188,10.576899978332222
1051,11.308699962683022,11.472000041976571
