precision,recall,threshold
0.8887832699619772,1.0,0.3709452591326927
0.8896289248334919,1.0,0.3763200305125831
0.8904761904761904,1.0,0.407983142999891
0.8903717826501429,0.9989304812834224,0.4287740149553161
0.8912213740458015,0.9989304812834224,0.4320126191513378
0.8911174785100286,0.9978609625668449,0.4351539405460322
0.8919694072657743,0.9978609625668449,0.4379914685388883
0.8928229665071771,0.9978609625668449,0.4394742518406527
0.8936781609195402,0.9978609625668449,0.4487241500052839
0.8945349952061361,0.9978609625668449,0.44937104007645856
0.8953934740882917,0.9978609625668449,0.44956045679119677
0.8962536023054755,0.9978609625668449,0.4548547511995811
0.8971153846153846,0.9978609625668449,0.4549119354098966
0.8979788257940328,0.9978609625668449,0.45497951465791486
0.8978805394990366,0.9967914438502674,0.4576770588973854
0.8977820636451301,0.9957219251336898,0.45978873451367164
0.8986486486486487,0.9957219251336898,0.462123665617193
0.8985507246376812,0.9946524064171123,0.46237558690746483
0.8984526112185687,0.9935828877005347,0.4626224132705624
0.8993223620522749,0.9935828877005347,0.4689646281221878
0.9001937984496124,0.9935828877005347,0.4720708908802407
0.9010669253152279,0.9935828877005347,0.47299416814806566
0.9019417475728155,0.9935828877005347,0.47478023695148397
0.901846452866861,0.9925133689839573,0.475343148233115
0.9027237354085603,0.9925133689839573,0.4759291535979965
0.9026290165530672,0.9914438502673797,0.47836792283369656
0.9035087719298246,0.9914438502673797,0.4793750175252274
0.9034146341463415,0.9903743315508021,0.481161194773134
0.9033203125,0.9893048128342246,0.4814285314474616
0.9042033235581622,0.9893048128342246,0.481684107686867
0.9050880626223092,0.9893048128342246,0.4844668524154425
0.9059745347698335,0.9893048128342246,0.4869038321705856
0.9058823529411765,0.9882352941176471,0.4873775722974514
0.9067713444553483,0.9882352941176471,0.48807883897636545
0.9076620825147348,0.9882352941176471,0.4883103330004098
0.9075712881022615,0.9871657754010695,0.49023138709749536
0.9084645669291339,0.9871657754010695,0.491660555655832
0.9083743842364532,0.986096256684492,0.4922401063672817
0.9092702169625246,0.986096256684492,0.4934883778810934
0.9091806515301086,0.9850267379679144,0.4936415911384447
0.9100790513833992,0.9850267379679144,0.49387066815967606
0.9099901088031652,0.983957219251337,0.496129334080189
0.9099009900990099,0.9828877005347594,0.49680739950626757
0.9098116947472745,0.9818181818181818,0.4977736119310621
0.9097222222222222,0.9807486631016042,0.49866089837290306
0.9096325719960278,0.9796791443850268,0.4993649532449741
0.9105367793240556,0.9796791443850268,0.4997488298403745
0.9104477611940298,0.9786096256684492,0.5014246911083666
0.9103585657370518,0.9775401069518717,0.5025623477571671
0.9112662013958126,0.9775401069518717,0.5056568517421053
0.9111776447105788,0.9764705882352941,0.5070134198758753
0.9120879120879121,0.9764705882352941,0.507395536771889
0.912,0.9754010695187165,0.5097152043675495
0.9119119119119119,0.9743315508021391,0.5097543515041276
0.9118236472945892,0.9732620320855615,0.5101002337509595
0.9117352056168505,0.9721925133689839,0.512164994163683
0.9126506024096386,0.9721925133689839,0.51250324465787
0.91356783919598,0.9721925133689839,0.5139742047957001
0.9134808853118712,0.9711229946524064,0.5153944908122261
0.9144008056394763,0.9711229946524064,0.5155283855040256
0.9153225806451613,0.9711229946524064,0.5165225308353588
0.9152371342078708,0.9700534759358289,0.5186951916351623
0.9161616161616162,0.9700534759358289,0.5189263744479964
0.917087967644085,0.9700534759358289,0.5191588981533859
0.9180161943319838,0.9700534759358289,0.5195660426477371
0.9189463019250254,0.9700534759358289,0.5205302019205021
0.9198782961460447,0.9700534759358289,0.5215404273596438
0.9208121827411168,0.9700534759358289,0.5215743104700277
0.9207317073170732,0.9689839572192513,0.5221341126479483
0.9206510681586979,0.9679144385026738,0.5227429269215036
0.9205702647657841,0.9668449197860962,0.5230199822795257
0.9215086646279307,0.9668449197860962,0.5239176899866971
0.9224489795918367,0.9668449197860962,0.523918862711487
0.9223697650663942,0.9657754010695188,0.5248593537541143
0.9233128834355828,0.9657754010695188,0.5258219664993067
0.9232343909928352,0.9647058823529412,0.5273921925145963
0.923155737704918,0.9636363636363636,0.5280332471046817
0.9241025641025641,0.9636363636363636,0.5294760105457665
0.9250513347022588,0.9636363636363636,0.5296358773943506
0.9249743062692704,0.9625668449197861,0.5315631757255048
0.9259259259259259,0.9625668449197861,0.5333509215386703
0.9268795056642637,0.9625668449197861,0.5342448804549114
0.9278350515463918,0.9625668449197861,0.5355239889924561
0.9277605779153767,0.9614973262032086,0.5364186815865161
0.9276859504132231,0.960427807486631,0.5371491308813711
0.9276111685625646,0.9593582887700535,0.5374283666347577
0.927536231884058,0.9582887700534759,0.5378017837271053
0.9284974093264249,0.9582887700534759,0.5381807407771146
0.9284232365145229,0.9572192513368984,0.540254344842297
0.9293873312564901,0.9572192513368984,0.5404320356299064
0.9293139293139293,0.9561497326203209,0.5415158203030577
0.9292403746097815,0.9550802139037433,0.5426547462961933
0.9291666666666667,0.9540106951871657,0.5441231359671215
0.9290928050052137,0.9529411764705882,0.5448470572413624
0.9290187891440501,0.9518716577540107,0.5455799023018658
0.928944618599791,0.9508021390374332,0.545680857489766
0.9288702928870293,0.9497326203208556,0.5471139383828492
0.9287958115183246,0.948663101604278,0.5472911931210137
0.9287211740041929,0.9475935828877006,0.5480097296526212
0.9286463798530955,0.946524064171123,0.5489703078765028
0.9285714285714286,0.9454545454545454,0.5518726533199161
0.9284963196635121,0.9443850267379679,0.5521906142743713
0.9294736842105263,0.9443850267379679,0.5546087762167399
0.9293993677555321,0.9433155080213904,0.5546617509800373
0.929324894514768,0.9422459893048128,0.5550949761021924
0.9292502639915523,0.9411764705882353,0.5564166829947235
0.9291754756871036,0.9401069518716577,0.5572060097329117
0.9291005291005291,0.9390374331550803,0.5575766166200471
0.9290254237288136,0.9379679144385027,0.5579640541811488
0.9300106044538706,0.9379679144385027,0.5591236538010911
0.9299363057324841,0.9368983957219251,0.5597051924442031
0.9309245483528161,0.9368983957219251,0.5597929981672144
0.9308510638297872,0.9358288770053476,0.5603231903374855
0.9307774227902024,0.9347593582887701,0.5608261668412223
0.9307036247334755,0.9336898395721925,0.5608949041334139
0.9316969050160085,0.9336898395721925,0.5612284528268772
0.9316239316239316,0.932620320855615,0.5614194037126483
0.9315508021390374,0.9315508021390374,0.5618403209729672
0.9314775160599572,0.93048128342246,0.5621826457073038
0.932475884244373,0.93048128342246,0.5631340136019714
0.9324034334763949,0.9294117647058824,0.5631872178305066
0.9334049409237379,0.9294117647058824,0.5639450366886511
0.9333333333333333,0.9283422459893048,0.5643829676903483
0.9332615715823466,0.9272727272727272,0.5644151285698675
0.9342672413793104,0.9272727272727272,0.5660999636380069
0.9352750809061489,0.9272727272727272,0.566452726154218
0.9352051835853131,0.9262032085561497,0.5666937863511561
0.9351351351351351,0.9251336898395722,0.5686678571555985
0.935064935064935,0.9240641711229947,0.5686880616230137
0.9360780065005417,0.9240641711229947,0.5693900259776148
0.9360086767895879,0.9229946524064171,0.5695688934525476
0.9359391965255157,0.9219251336898395,0.5701130711404276
0.9358695652173913,0.9208556149732621,0.5705290775117398
0.9368879216539717,0.9208556149732621,0.5708963530217697
0.9368191721132898,0.9197860962566845,0.5713314477476918
0.9367502726281353,0.9187165775401069,0.5714086538628571
0.9366812227074236,0.9176470588235294,0.5721199444546975
0.9377049180327869,0.9176470588235294,0.5731946916028655
0.937636761487965,0.9165775401069519,0.5739998157409256
0.9375684556407448,0.9155080213903743,0.5745810746932315
0.9375,0.9144385026737968,0.5749079358733582
0.9385290889132821,0.9144385026737968,0.5756269138535828
0.9384615384615385,0.9133689839572192,0.5759451391288627
0.9394939493949395,0.9133689839572192,0.5773020853713061
0.9405286343612335,0.9133689839572192,0.5773707328788816
0.9404630650496141,0.9122994652406418,0.5777114832971324
0.9403973509933775,0.9112299465240642,0.5777462095225725
0.9403314917127071,0.9101604278074866,0.5787220674989949
0.9402654867256637,0.9090909090909091,0.5791227182834708
0.9401993355481728,0.9080213903743316,0.5796675345199815
0.9412416851441242,0.9080213903743316,0.5805389354369198
0.9422863485016648,0.9080213903743316,0.5805863182714095
0.9422222222222222,0.906951871657754,0.5806577053127466
0.9421579532814238,0.9058823529411765,0.5817163043141762
0.9432071269487751,0.9058823529411765,0.5824970209164027
0.9442586399108138,0.9058823529411765,0.5825302629098347
0.9453125,0.9058823529411765,0.5828615196215627
0.9452513966480447,0.9048128342245989,0.5834207837956125
0.9451901565995525,0.9037433155080213,0.5837055700484455
0.9451287793952967,0.9026737967914439,0.5838388724439717
0.9461883408071748,0.9026737967914439,0.5841404247982723
0.9461279461279462,0.9016042780748663,0.5848914415513895
0.946067415730337,0.9005347593582887,0.5849972815304784
0.9460067491563554,0.8994652406417112,0.5850256089099384
0.9459459459459459,0.8983957219251337,0.5856001758167524
0.9470124013528749,0.8983957219251337,0.5863357424952993
0.9469525959367946,0.8973262032085562,0.5866146495481399
0.9468926553672317,0.8962566844919786,0.5868736824317643
0.9479638009049773,0.8962566844919786,0.5872751297915703
0.9479048697621744,0.895187165775401,0.587297166831289
0.9489795918367347,0.895187165775401,0.5884277778813252
0.9489216799091941,0.8941176470588236,0.5885339084497931
0.9488636363636364,0.893048128342246,0.5890051935368679
0.949943117178612,0.893048128342246,0.5895598168062429
0.9498861047835991,0.8919786096256684,0.5901108078998878
0.9498289623717218,0.8909090909090909,0.5905109203079419
0.9497716894977168,0.8898395721925134,0.5908286889956585
0.9497142857142857,0.8887700534759359,0.5909875670328517
0.9508009153318078,0.8887700534759359,0.5910083992651269
0.9507445589919816,0.8877005347593583,0.591452952057345
0.9506880733944955,0.8866310160427807,0.591655297578213
0.9506314580941446,0.8855614973262033,0.592358948669901
0.9517241379310345,0.8855614973262033,0.5925214986226759
0.9516685845799769,0.8844919786096257,0.592657431484901
0.9516129032258065,0.8834224598930481,0.5926656030576887
0.9515570934256056,0.8823529411764706,0.5933632016640944
0.9515011547344111,0.881283422459893,0.5939650136224487
0.9514450867052023,0.8802139037433155,0.5943070980443204
0.9513888888888888,0.879144385026738,0.5944907761794972
0.951332560834299,0.8780748663101604,0.5945237774348449
0.951276102088167,0.8770053475935828,0.5946672871896768
0.9523809523809523,0.8770053475935828,0.5950229240324567
0.9523255813953488,0.8759358288770054,0.5950513469352634
0.9522700814901047,0.8748663101604278,0.5954656705874302
0.9522144522144522,0.8737967914438503,0.5959589364967499
0.9533255542590432,0.8737967914438503,0.5959864707849052
0.9532710280373832,0.8727272727272727,0.5963831468406126
0.9532163742690059,0.8716577540106952,0.5967971304591537
0.9531615925058547,0.8705882352941177,0.5969748578741945
0.9531066822977726,0.8695187165775401,0.5969961822964002
0.9530516431924883,0.8684491978609625,0.5973129860034343
0.9529964747356052,0.8673796791443851,0.5973665508555885
0.9541176470588235,0.8673796791443851,0.597951791510689
0.9540636042402827,0.8663101604278075,0.5980189156308646
0.9540094339622641,0.8652406417112299,0.5980916405153973
0.9539551357733176,0.8641711229946524,0.5984782243062414
0.9539007092198581,0.8631016042780749,0.598508454446846
0.9538461538461539,0.8620320855614974,0.598985518523649
0.9537914691943128,0.8609625668449198,0.5997968410377756
0.9537366548042705,0.8598930481283422,0.5999710371040747
0.9536817102137767,0.8588235294117647,0.6000964846387723
0.9536266349583828,0.8577540106951872,0.6001246414715159
0.9535714285714286,0.8566844919786096,0.6009098578680259
0.9535160905840286,0.8556149732620321,0.6011520277584332
0.9534606205250596,0.8545454545454545,0.601166385762326
0.953405017921147,0.853475935828877,0.6024443060292018
0.9533492822966507,0.8524064171122995,0.6027088678634969
0.9532934131736527,0.8513368983957219,0.6030442844397699
0.9532374100719424,0.8502673796791443,0.6041825462353024
0.9543817527010804,0.8502673796791443,0.6044525230349038
0.9555288461538461,0.8502673796791443,0.6046805564936482
0.9566787003610109,0.8502673796791443,0.6047684880672572
0.9578313253012049,0.8502673796791443,0.6049083456560076
0.9577804583835947,0.8491978609625669,0.6052544969106233
0.9577294685990339,0.8481283422459893,0.6055656667011761
0.9576783555018138,0.8470588235294118,0.6064754487008839
0.9576271186440678,0.8459893048128342,0.6066746755407484
0.9575757575757575,0.8449197860962567,0.6066986867007534
0.9587378640776699,0.8449197860962567,0.6067272526488292
0.9586877278250304,0.8438502673796792,0.6070732263266689
0.9586374695863747,0.8427807486631016,0.6072687278334661
0.9585870889159561,0.841711229946524,0.6076136605054705
0.9585365853658536,0.8406417112299466,0.6082255303026776
0.9584859584859585,0.839572192513369,0.6089820753221089
0.9584352078239609,0.8385026737967914,0.6092326185533541
0.9583843329253366,0.8374331550802139,0.6093540770769916
0.9583333333333334,0.8363636363636363,0.6095359815631057
0.9582822085889571,0.8352941176470589,0.6096551875880953
0.9582309582309583,0.8342245989304813,0.6103511725269757
0.959409594095941,0.8342245989304813,0.6105900838105551
0.9593596059113301,0.8331550802139037,0.6107831927864593
0.9605425400739828,0.8331550802139037,0.6108789368413301
0.9604938271604938,0.8320855614973262,0.6114761813678513
0.9604449938195303,0.8310160427807487,0.6122000318512433
0.9603960396039604,0.8299465240641711,0.6129168416391804
0.9603469640644362,0.8288770053475936,0.6129672054082644
0.9615384615384616,0.8288770053475936,0.6130524834143503
0.9614906832298137,0.827807486631016,0.6131954720137018
0.9614427860696517,0.8267379679144385,0.6132895945259635
0.9613947696139477,0.825668449197861,0.6135651636624764
0.9613466334164589,0.8245989304812834,0.6138654635703831
0.9625468164794008,0.8245989304812834,0.6143235010533918
0.9625,0.8235294117647058,0.6144351521055267
0.9624530663329162,0.8224598930481284,0.6153279674962129
0.9624060150375939,0.8213903743315508,0.6155332805946425
0.9623588456712673,0.8203208556149733,0.6159792954426675
0.9623115577889447,0.8192513368983957,0.6167860563742504
0.9622641509433962,0.8181818181818182,0.61679917916504
0.9622166246851386,0.8171122994652407,0.6174986473285181
0.9621689785624212,0.8160427807486631,0.6176575382352321
0.9621212121212122,0.8149732620320855,0.6184761744289737
0.9620733249051833,0.813903743315508,0.6185287894722344
0.9620253164556962,0.8128342245989305,0.6187317393879389
0.9619771863117871,0.8117647058823529,0.6187320766964118
0.9619289340101523,0.8106951871657754,0.6189409621300779
0.9618805590851334,0.8096256684491978,0.6190893223472692
0.9618320610687023,0.8085561497326204,0.6194020501394363
0.9617834394904459,0.8074866310160428,0.6201669809689231
0.9617346938775511,0.8064171122994652,0.6207953819301446
0.9616858237547893,0.8053475935828877,0.6214532750273207
0.9616368286445013,0.8042780748663102,0.6217755275287727
0.9628681177976952,0.8042780748663102,0.6219905750696224
0.9628205128205128,0.8032085561497326,0.6220079969485935
0.962772785622593,0.8021390374331551,0.6220196098250589
0.9627249357326478,0.8010695187165775,0.6226922148766779
0.9626769626769627,0.8,0.6230634647873767
0.9626288659793815,0.7989304812834225,0.623426379895603
0.9625806451612903,0.7978609625668449,0.6239242445744244
0.9638242894056848,0.7978609625668449,0.6244251254169056
0.963777490297542,0.7967914438502673,0.6246957201145678
0.9637305699481865,0.7957219251336899,0.6249297298964527
0.9649805447470817,0.7957219251336899,0.624997075057681
0.9662337662337662,0.7957219251336899,0.6251474689702181
0.9661898569570871,0.7946524064171123,0.6251763370428378
0.9661458333333334,0.7935828877005348,0.6254926276144661
0.9661016949152542,0.7925133689839572,0.6256306706053697
0.9673629242819843,0.7925133689839572,0.6259486427383181
0.9686274509803922,0.7925133689839572,0.625974997939531
0.9685863874345549,0.7914438502673797,0.6260325294620456
0.9685452162516383,0.7903743315508022,0.6260477723281459
0.968503937007874,0.7893048128342246,0.6260652769303603
0.9684625492772667,0.788235294117647,0.6261915210501965
0.968421052631579,0.7871657754010695,0.6262082788484264
0.9696969696969697,0.7871657754010695,0.6262320239674252
0.9696569920844327,0.786096256684492,0.6263451604198235
0.9709379128137384,0.786096256684492,0.6263497035569106
0.9708994708994709,0.7850267379679144,0.6263670136513693
0.9708609271523179,0.7839572192513369,0.6270269321090951
0.9708222811671088,0.7828877005347593,0.6272622525534375
0.9707835325365206,0.7818181818181819,0.6273735654575348
0.9707446808510638,0.7807486631016043,0.6274045657118248
0.9707057256990679,0.7796791443850267,0.6276246044041405
0.972,0.7796791443850267,0.6282228645640489
0.9719626168224299,0.7786096256684492,0.6286130538538356
0.9719251336898396,0.7775401069518717,0.6286555253333587
0.9718875502008032,0.7764705882352941,0.62876059986649
0.9718498659517426,0.7754010695187166,0.6289053084022946
0.9718120805369127,0.774331550802139,0.6289660652933672
0.9717741935483871,0.7732620320855615,0.6295495032991798
0.971736204576043,0.772192513368984,0.6300573138687492
0.9716981132075472,0.7711229946524064,0.6305962531502436
0.97165991902834,0.7700534759358288,0.6313875329682404
0.9716216216216216,0.7689839572192514,0.6314646476994057
0.9715832205683356,0.7679144385026738,0.6314696153607305
0.9715447154471545,0.7668449197860963,0.6319914580106101
0.9728629579375848,0.7668449197860963,0.6323497912045639
0.9728260869565217,0.7657754010695187,0.6328205421846044
0.9741496598639455,0.7657754010695187,0.6328324011081644
0.9741144414168937,0.7647058823529411,0.6332066317672262
0.975443383356071,0.7647058823529411,0.6334064849629821
0.9754098360655737,0.7636363636363637,0.6337271541225411
0.9753761969904241,0.7625668449197861,0.6339837265115082
0.9753424657534246,0.7614973262032085,0.6341559684846181
0.9753086419753086,0.760427807486631,0.634556641473982
0.9766483516483516,0.760427807486631,0.6347562440345456
0.9766162310866575,0.7593582887700535,0.6348111156318821
0.9765840220385675,0.758288770053476,0.6351513344073828
0.9779310344827586,0.758288770053476,0.6351679065693205
0.9779005524861878,0.7572192513368984,0.6353180194799627
0.9778699861687413,0.7561497326203208,0.6354086595319804
0.9778393351800554,0.7550802139037434,0.6355849303725257
0.9778085991678225,0.7540106951871658,0.6355922740274722
0.9791666666666666,0.7540106951871658,0.6363861418220792
0.9791376912378303,0.7529411764705882,0.636558051850346
0.979108635097493,0.7518716577540107,0.6370445069711757
0.9790794979079498,0.7508021390374332,0.6377878974252265
0.9804469273743017,0.7508021390374332,0.6380223695955443
0.9804195804195804,0.7497326203208556,0.6380653021598955
0.9803921568627451,0.7486631016042781,0.6380918314025925
0.9803646563814866,0.7475935828877005,0.6382052285839028
0.9803370786516854,0.746524064171123,0.6385969725216902
0.980309423347398,0.7454545454545455,0.6386065714721956
0.9802816901408451,0.7443850267379679,0.638901964385668
0.9802538787023978,0.7433155080213903,0.6390174655962672
0.980225988700565,0.7422459893048128,0.6390503528493627
0.9801980198019802,0.7411764705882353,0.639704124173408
0.9801699716713881,0.7401069518716578,0.6397110036399882
0.9815602836879432,0.7401069518716578,0.6399992813615292
0.9815340909090909,0.7390374331550802,0.6401996209124714
0.9815078236130867,0.7379679144385026,0.6405910204322912
0.9814814814814815,0.7368983957219252,0.6409101268976828
0.9814550641940085,0.7358288770053476,0.641929927549777
0.9814285714285714,0.73475935828877,0.6421229401512591
0.9814020028612304,0.7336898395721925,0.6430609708437409
0.9828080229226361,0.7336898395721925,0.6431188364427438
0.9827833572453372,0.732620320855615,0.6437467975643152
0.9827586206896551,0.7315508021390374,0.6440289999104883
0.9827338129496402,0.7304812834224599,0.6444798807208689
0.9827089337175793,0.7294117647058823,0.6446447264929636
0.9826839826839827,0.7283422459893049,0.6454654727535591
0.9826589595375722,0.7272727272727273,0.6469457206186756
0.9826338639652678,0.7262032085561497,0.6470245174178904
0.9826086956521739,0.7251336898395722,0.6471486653368597
0.9825834542815675,0.7240641711229947,0.6474020891840264
0.9825581395348837,0.7229946524064171,0.6476113089895834
0.982532751091703,0.7219251336898396,0.6484253116742753
0.9825072886297376,0.720855614973262,0.6489654567264146
0.9824817518248176,0.7197860962566844,0.649305655537538
0.9824561403508771,0.718716577540107,0.6494801019135326
0.9838945827232797,0.718716577540107,0.6496443938433689
0.9838709677419355,0.7176470588235294,0.6501258155774627
0.9838472834067548,0.7165775401069518,0.6507316684642255
0.9838235294117647,0.7155080213903743,0.6507575091700639
0.9837997054491899,0.7144385026737968,0.6509762830367452
0.9837758112094396,0.7133689839572193,0.6512926155202731
0.983751846381093,0.7122994652406417,0.6514654884344464
0.9837278106508875,0.7112299465240641,0.6516411281909691
0.9837037037037037,0.7101604278074867,0.651791518003393
0.983679525222552,0.7090909090909091,0.6518022550940898
0.9836552748885586,0.7080213903743315,0.65242798405526
0.9836309523809523,0.706951871657754,0.6525105437839189
0.9836065573770492,0.7058823529411765,0.6527144176989872
0.9835820895522388,0.704812834224599,0.6528831150111256
0.9835575485799701,0.7037433155080214,0.6532708205611537
0.9835329341317365,0.7026737967914438,0.653281314940573
0.9835082458770614,0.7016042780748664,0.6534410136591704
0.9834834834834835,0.7005347593582888,0.6537828941507617
0.9849624060150376,0.7005347593582888,0.653825498894913
0.9864457831325302,0.7005347593582888,0.6548133081579762
0.9879336349924586,0.7005347593582888,0.6554622358305684
0.9879154078549849,0.6994652406417112,0.6556914838988165
0.9878971255673222,0.6983957219251337,0.6557193747510904
0.9878787878787879,0.6973262032085561,0.6561939386512099
0.9878603945371776,0.6962566844919786,0.6562351452148162
0.9878419452887538,0.6951871657754011,0.656346901719506
0.9878234398782344,0.6941176470588235,0.6566543640077365
0.9878048780487805,0.6930481283422459,0.657065026503324
0.9877862595419847,0.6919786096256685,0.6571345375326276
0.9877675840978594,0.6909090909090909,0.6578182735425055
0.9877488514548239,0.6898395721925134,0.6579257698672099
0.9877300613496932,0.6887700534759358,0.6580225749016815
0.9877112135176651,0.6877005347593583,0.6581110973010368
0.9892307692307692,0.6877005347593583,0.6583206068751536
0.9892141756548536,0.6866310160427808,0.65850813059256
0.9891975308641975,0.6855614973262032,0.6585307461661443
0.9891808346213292,0.6844919786096256,0.6586896154910868
0.9891640866873065,0.6834224598930482,0.658930127623399
0.9891472868217054,0.6823529411764706,0.6590505478871659
0.9891304347826086,0.681283422459893,0.6592521830888514
0.9891135303265941,0.6802139037433155,0.6597579970745377
0.9890965732087228,0.679144385026738,0.6599067322515292
0.9890795631825273,0.6780748663101605,0.6601513838652584
0.9890625,0.6770053475935829,0.660186090791119
0.9890453834115805,0.6759358288770053,0.660209676498784
0.9890282131661442,0.6748663101604279,0.6602688428976788
0.989010989010989,0.6737967914438503,0.6603084227231162
0.9889937106918238,0.6727272727272727,0.6603975726006426
0.988976377952756,0.6716577540106952,0.6605617435192297
0.9889589905362776,0.6705882352941176,0.6618431878900666
0.9889415481832543,0.6695187165775401,0.6624625365179773
0.9889240506329114,0.6684491978609626,0.6627155567344196
0.9889064976228209,0.667379679144385,0.6627622179137138
0.9888888888888889,0.6663101604278074,0.6628249678453897
0.9888712241653418,0.66524064171123,0.6632068579741253
0.9888535031847133,0.6641711229946524,0.6634593619742707
0.988835725677831,0.6631016042780749,0.6635410833356858
0.9888178913738019,0.6620320855614973,0.6638107310220417
0.9888,0.6609625668449198,0.6641601308972778
0.9887820512820513,0.6598930481283423,0.6644703552563724
0.9887640449438202,0.6588235294117647,0.6645650616479797
0.9887459807073955,0.6577540106951871,0.664627621579015
0.9887278582930756,0.6566844919786097,0.6646528644945982
0.9887096774193549,0.6556149732620321,0.664757544408324
0.9886914378029079,0.6545454545454545,0.6649210117216933
0.988673139158576,0.653475935828877,0.6652140933397286
0.9886547811993517,0.6524064171122995,0.6652337696046033
0.9886363636363636,0.651336898395722,0.6652881337694536
0.9886178861788618,0.6502673796791444,0.6653883510240312
0.988599348534202,0.6491978609625668,0.6657278225723346
0.9885807504078303,0.6481283422459893,0.6661663215134559
0.988562091503268,0.6470588235294118,0.6662954090975997
0.9885433715220949,0.6459893048128342,0.6663050876248354
0.9885245901639345,0.6449197860962567,0.6670873929147491
0.9885057471264368,0.6438502673796791,0.667128284765881
0.9884868421052632,0.6427807486631016,0.6671789338394676
0.9884678747940692,0.6417112299465241,0.6676730106722264
0.9884488448844885,0.6406417112299465,0.6677542728719301
0.9884297520661157,0.6395721925133689,0.6679261972525954
0.9884105960264901,0.6385026737967915,0.6681894927640807
0.988391376451078,0.6374331550802139,0.6682846332664345
0.9900332225913622,0.6374331550802139,0.6684248623949612
0.9900166389351082,0.6363636363636364,0.6686832111705578
0.99,0.6352941176470588,0.6687359736689
0.989983305509182,0.6342245989304813,0.6690787205594401
0.9916387959866221,0.6342245989304813,0.6692151247516962
0.9916247906197655,0.6331550802139038,0.6695038601322114
0.9916107382550335,0.6320855614973262,0.6695400305937957
0.9915966386554622,0.6310160427807486,0.6696931106127314
0.9915824915824916,0.6299465240641712,0.6699958742498459
0.9915682967959528,0.6288770053475936,0.6700390772096154
0.9915540540540541,0.627807486631016,0.67022992784913
0.9915397631133672,0.6267379679144385,0.6706966233419249
0.9915254237288136,0.6256684491978609,0.6707412187768288
0.9915110356536503,0.6245989304812835,0.6707843912552416
0.9914965986394558,0.6235294117647059,0.670828629189148
0.9931856899488927,0.6235294117647059,0.6712142045949996
0.9931740614334471,0.6224598930481283,0.6713799303034531
0.9931623931623932,0.6213903743315508,0.6723914093971958
0.9931506849315068,0.6203208556149733,0.6727982761230284
0.9931389365351629,0.6192513368983957,0.6729021953050347
0.993127147766323,0.6181818181818182,0.6730994161788239
0.9931153184165232,0.6171122994652406,0.6731577360154875
0.993103448275862,0.6160427807486631,0.6738302846702484
0.9930915371329879,0.6149732620320856,0.6752412786980323
0.9930795847750865,0.613903743315508,0.6760488199156135
0.9930675909878682,0.6128342245989304,0.676076314685909
0.9930555555555556,0.611764705882353,0.6761428124651515
0.9930434782608696,0.6106951871657754,0.6767012441137426
0.9930313588850174,0.6096256684491979,0.67677371710123
0.9930191972076788,0.6085561497326203,0.6769443280394952
0.993006993006993,0.6074866310160428,0.6782070932691783
0.9929947460595446,0.6064171122994653,0.6785438652189367
0.9929824561403509,0.6053475935828877,0.6786185966149463
0.9929701230228472,0.6042780748663101,0.6789708611201002
0.9929577464788732,0.6032085561497326,0.6792472800943353
0.9929453262786596,0.6021390374331551,0.6797229670620619
0.9929328621908127,0.6010695187165775,0.6797899631475108
0.9929203539823008,0.6,0.679823234162268
0.9929078014184397,0.5989304812834224,0.6800411819605887
0.9928952042628775,0.597860962566845,0.6808994690728789
0.9928825622775801,0.5967914438502674,0.681008339023057
0.9928698752228164,0.5957219251336898,0.6810134913653749
0.9928571428571429,0.5946524064171123,0.6811019102242624
0.9928443649373881,0.5935828877005348,0.6811846433482027
0.992831541218638,0.5925133689839572,0.6815774681461018
0.992818671454219,0.5914438502673797,0.6816763700778898
0.9928057553956835,0.5903743315508021,0.6821281416722766
0.9927927927927928,0.5893048128342246,0.6822073299422096
0.9927797833935018,0.5882352941176471,0.682813960234115
0.9927667269439421,0.5871657754010695,0.6833619384177354
0.9927536231884058,0.586096256684492,0.6842704213073736
0.9945553539019963,0.586096256684492,0.6844654392102459
0.9945454545454545,0.5850267379679145,0.6846791016265759
0.994535519125683,0.5839572192513369,0.6847943304067985
0.9945255474452555,0.5828877005347594,0.6850268095422941
0.9945155393053017,0.5818181818181818,0.6851024254070225
0.9945054945054945,0.5807486631016042,0.6851070155572
0.9944954128440368,0.5796791443850268,0.6853861597909363
0.9944852941176471,0.5786096256684492,0.6855155866073184
0.994475138121547,0.5775401069518716,0.6856642115156029
0.9944649446494465,0.5764705882352941,0.6857762419673792
0.9944547134935305,0.5754010695187166,0.6861429255686787
0.9944444444444445,0.574331550802139,0.6861438194119631
0.9944341372912802,0.5732620320855615,0.6861984701637585
0.9944237918215614,0.5721925133689839,0.6862814537491808
0.994413407821229,0.5711229946524065,0.6863463400573777
0.9944029850746269,0.5700534759358289,0.6865005901294606
0.9962616822429906,0.5700534759358289,0.6868590018632921
0.9962546816479401,0.5689839572192513,0.6869874141643457
0.9962476547842402,0.5679144385026738,0.6875954389342913
0.9962406015037594,0.5668449197860963,0.6876799128755792
0.9962335216572504,0.5657754010695187,0.6876991896495853
0.9962264150943396,0.5647058823529412,0.6878530862363067
0.996219281663516,0.5636363636363636,0.6879652902809636
0.9962121212121212,0.5625668449197861,0.688010272718841
0.9962049335863378,0.5614973262032086,0.6885602189877731
0.9961977186311787,0.560427807486631,0.688629478086081
0.9961904761904762,0.5593582887700534,0.6887176898131737
0.9961832061068703,0.558288770053476,0.6889606762642051
0.9961759082217974,0.5572192513368984,0.6891144691250743
0.9961685823754789,0.5561497326203209,0.6898388199581821
0.9961612284069098,0.5550802139037433,0.6898573750078083
0.9961538461538462,0.5540106951871657,0.6899163018740433
0.9961464354527938,0.5529411764705883,0.6899564428860762
0.9961389961389961,0.5518716577540107,0.6901415461781325
0.9961315280464217,0.5508021390374331,0.6902386563376799
0.9961240310077519,0.5497326203208556,0.69036290133359
0.996116504854369,0.5486631016042781,0.6905611138497743
0.9961089494163424,0.5475935828877005,0.6908906035478897
0.9961013645224172,0.546524064171123,0.6910341300817514
0.99609375,0.5454545454545454,0.6912081267198523
0.9960861056751468,0.544385026737968,0.6912096550460987
0.996078431372549,0.5433155080213904,0.6912655112879591
0.9960707269155207,0.5422459893048128,0.691688351054702
0.9960629921259843,0.5411764705882353,0.6918186232036594
0.9960552268244576,0.5401069518716578,0.6919137679280833
0.9960474308300395,0.5390374331550802,0.6919784345257187
0.996039603960396,0.5379679144385027,0.6920096223457604
0.996031746031746,0.5368983957219251,0.6922113239537913
0.9960238568588469,0.5358288770053476,0.6922620707669989
0.9960159362549801,0.5347593582887701,0.6928138489998001
0.9960079840319361,0.5336898395721925,0.6929870593338359
0.996,0.532620320855615,0.6930499031837833
0.9959919839679359,0.5315508021390374,0.6930636712501852
0.9959839357429718,0.5304812834224599,0.6932134603155702
0.9959758551307847,0.5294117647058824,0.69325684629986
0.9979838709677419,0.5294117647058824,0.6934722009335359
0.997979797979798,0.5283422459893048,0.6939576561051026
0.9979757085020243,0.5272727272727272,0.694745969218299
0.9979716024340771,0.5262032085561498,0.6952746772801355
0.9979674796747967,0.5251336898395722,0.6955607780402766
0.9979633401221996,0.5240641711229946,0.696391068891927
0.9979591836734694,0.5229946524064171,0.6968969803826136
0.9979550102249489,0.5219251336898396,0.6970158919979113
0.9979508196721312,0.520855614973262,0.6970905840397641
0.997946611909651,0.5197860962566845,0.6975296649508419
0.9979423868312757,0.5187165775401069,0.6976267193582937
0.9979381443298969,0.5176470588235295,0.697775983785445
0.9979338842975206,0.5165775401069519,0.697792792968052
0.9979296066252588,0.5155080213903743,0.697971822249253
0.9979253112033195,0.5144385026737968,0.6979741763966483
0.997920997920998,0.5133689839572193,0.6982599109788246
0.9979166666666667,0.5122994652406417,0.6989029507601099
0.9979123173277662,0.5112299465240642,0.6989877137373763
0.997907949790795,0.5101604278074866,0.6995392570716326
0.9979035639412998,0.509090909090909,0.6999755420500662
0.9978991596638656,0.5080213903743316,0.7000941303337188
0.9978947368421053,0.506951871657754,0.7001651035743682
0.9978902953586498,0.5058823529411764,0.7007135914963483
0.9978858350951374,0.5048128342245989,0.7007555948548444
0.9978813559322034,0.5037433155080214,0.7007806968807331
1.0,0.5037433155080214,0.7010304427147316
1.0,0.5026737967914439,0.7012713033230409
1.0,0.5016042780748663,0.7014965205671662
1.0,0.5005347593582887,0.7016772903861361
1.0,0.4994652406417112,0.7017019721009641
1.0,0.4983957219251337,0.7018720110423785
1.0,0.49732620320855614,0.7021728313968069
1.0,0.49625668449197863,0.7022349790979419
1.0,0.49518716577540106,0.702428612251842
1.0,0.49411764705882355,0.7024306451097397
1.0,0.493048128342246,0.7026676590938519
1.0,0.4919786096256685,0.7026821551773217
1.0,0.4909090909090909,0.7029744373115363
1.0,0.4898395721925134,0.7030323864717005
1.0,0.48877005347593583,0.7031505755562842
1.0,0.48770053475935826,0.7036964988408817
1.0,0.48663101604278075,0.7038492326172854
1.0,0.4855614973262032,0.7039023637950399
1.0,0.4844919786096257,0.7042466865806178
1.0,0.4834224598930481,0.7048142544807389
1.0,0.4823529411764706,0.7048433416547681
1.0,0.48128342245989303,0.7049846863471698
1.0,0.4802139037433155,0.7051701972465172
1.0,0.47914438502673795,0.7051847945852661
1.0,0.47807486631016044,0.7053821524643129
1.0,0.4770053475935829,0.7054463223603683
1.0,0.47593582887700536,0.7055190695120799
1.0,0.4748663101604278,0.7058069300491797
1.0,0.4737967914438503,0.7060031533658968
1.0,0.4727272727272727,0.706058815211241
1.0,0.4716577540106952,0.7061154696243164
1.0,0.47058823529411764,0.70616071383595
1.0,0.46951871657754013,0.7062625422355162
1.0,0.46844919786096256,0.7066441418720931
1.0,0.46737967914438505,0.7068350922452069
1.0,0.4663101604278075,0.7071109245462359
1.0,0.46524064171123,0.707290618725689
1.0,0.4641711229946524,0.7075969844061561
1.0,0.46310160427807484,0.70785264821502
1.0,0.46203208556149733,0.7080025269997339
1.0,0.46096256684491976,0.7081559347321051
1.0,0.45989304812834225,0.7083228804770649
1.0,0.4588235294117647,0.7089304740032728
1.0,0.4577540106951872,0.709397884905966
1.0,0.4566844919786096,0.7094162611679182
1.0,0.4556149732620321,0.7101722823185774
1.0,0.45454545454545453,0.7106561238011277
1.0,0.453475935828877,0.7108616859126988
1.0,0.45240641711229945,0.711027886517543
1.0,0.45133689839572194,0.7110429807618955
1.0,0.4502673796791444,0.7113545758871396
1.0,0.44919786096256686,0.7117169234682502
1.0,0.4481283422459893,0.7118208226508427
1.0,0.4470588235294118,0.7118962870887073
1.0,0.4459893048128342,0.7122187790748687
1.0,0.4449197860962567,0.7128668970891237
1.0,0.44385026737967914,0.713005202593118
1.0,0.44278074866310163,0.7130360546868599
1.0,0.44171122994652406,0.7131457273414017
1.0,0.4406417112299465,0.7131640598090638
1.0,0.439572192513369,0.7132575470671976
1.0,0.4385026737967914,0.7133942085836347
1.0,0.4374331550802139,0.7135056584927747
1.0,0.43636363636363634,0.713530662444023
1.0,0.43529411764705883,0.713636404401659
1.0,0.43422459893048126,0.7137740066654623
1.0,0.43315508021390375,0.7139623976394117
1.0,0.4320855614973262,0.7141444135617372
1.0,0.4310160427807487,0.7142165370379037
1.0,0.4299465240641711,0.7145752688218674
1.0,0.4288770053475936,0.7150422091537425
1.0,0.42780748663101603,0.7152736566184436
1.0,0.4267379679144385,0.715414136712719
1.0,0.42566844919786095,0.7155020037780072
1.0,0.42459893048128344,0.7158308708735575
1.0,0.4235294117647059,0.7160946008800846
1.0,0.42245989304812837,0.7163655125222599
1.0,0.4213903743315508,0.716565734526811
1.0,0.4203208556149733,0.7166338589350101
1.0,0.4192513368983957,0.7166812713967985
1.0,0.41818181818181815,0.7180301469524673
1.0,0.41711229946524064,0.7182214399076461
1.0,0.4160427807486631,0.7186332821293657
1.0,0.41497326203208557,0.7187321115734215
1.0,0.413903743315508,0.7188845292672371
1.0,0.4128342245989305,0.7195002736133418
1.0,0.4117647058823529,0.7196249378470807
1.0,0.4106951871657754,0.7197502000610625
1.0,0.40962566844919784,0.720362087457658
1.0,0.40855614973262033,0.7205732085384289
1.0,0.40748663101604277,0.7206447651575631
1.0,0.40641711229946526,0.7209293867889063
1.0,0.4053475935828877,0.7210506848404958
1.0,0.4042780748663102,0.7211109325067224
1.0,0.4032085561497326,0.7211947170426296
1.0,0.4021390374331551,0.7212927043356889
1.0,0.40106951871657753,0.7217905934016031
1.0,0.4,0.721818007361356
1.0,0.39893048128342246,0.7220232413667413
1.0,0.39786096256684494,0.7222981115999986
1.0,0.3967914438502674,0.7228664783695209
1.0,0.39572192513368987,0.7232700989743255
1.0,0.3946524064171123,0.7233410847210968
1.0,0.39358288770053473,0.723472555088708
1.0,0.3925133689839572,0.7235094287042121
1.0,0.39144385026737966,0.7236528213521563
1.0,0.39037433155080214,0.7243753953662786
1.0,0.3893048128342246,0.7243905058885864
1.0,0.38823529411764707,0.7246895399487383
1.0,0.3871657754010695,0.7250781790001286
1.0,0.386096256684492,0.7250970583191714
1.0,0.3850267379679144,0.7252279100729377
1.0,0.3839572192513369,0.7253402524974204
1.0,0.38288770053475935,0.7258361816798473
1.0,0.38181818181818183,0.7259800084248432
1.0,0.38074866310160427,0.7261800279669691
1.0,0.37967914438502676,0.7264286036712397
1.0,0.3786096256684492,0.7269382434874565
1.0,0.3775401069518717,0.7273748099028299
1.0,0.3764705882352941,0.7274240970750162
1.0,0.3754010695187166,0.7278079497906864
1.0,0.37433155080213903,0.7278606031651147
1.0,0.3732620320855615,0.728007018460213
1.0,0.37219251336898396,0.7285470743768226
1.0,0.3711229946524064,0.7286141304761022
1.0,0.3700534759358289,0.7286282703492736
1.0,0.3689839572192513,0.7287738914226183
1.0,0.3679144385026738,0.7292827376436465
1.0,0.36684491978609624,0.7294656788493985
1.0,0.3657754010695187,0.7296935941085796
1.0,0.36470588235294116,0.7300746604678754
1.0,0.36363636363636365,0.7306203516428615
1.0,0.3625668449197861,0.7309169319476894
1.0,0.36149732620320857,0.7311968900290905
1.0,0.360427807486631,0.7322163863197519
1.0,0.3593582887700535,0.7323970400202544
1.0,0.3582887700534759,0.7329132337989193
1.0,0.3572192513368984,0.7331432873367183
1.0,0.35614973262032085,0.7334688939610352
1.0,0.35508021390374334,0.733733780687156
1.0,0.35401069518716577,0.734200017091653
1.0,0.35294117647058826,0.7342985861102231
1.0,0.3518716577540107,0.7349132509584577
1.0,0.3508021390374332,0.7349231680899662
1.0,0.3497326203208556,0.7362310667495354
1.0,0.34866310160427805,0.7364274132334822
1.0,0.34759358288770054,0.7366887344575106
1.0,0.34652406417112297,0.7376666845482184
1.0,0.34545454545454546,0.7378499004324129
1.0,0.3443850267379679,0.7380240189227346
1.0,0.3433155080213904,0.7382201726506036
1.0,0.3422459893048128,0.7384250890757539
1.0,0.3411764705882353,0.7387157824592234
1.0,0.34010695187165774,0.7389375557635971
1.0,0.3390374331550802,0.7391083834834669
1.0,0.33796791443850266,0.7391671612720303
1.0,0.33689839572192515,0.739332457534307
1.0,0.3358288770053476,0.7394855379720673
1.0,0.33475935828877007,0.7397639906754823
1.0,0.3336898395721925,0.7401652726240162
1.0,0.332620320855615,0.740320538788473
1.0,0.3315508021390374,0.7406089493226125
1.0,0.3304812834224599,0.7406385055023061
1.0,0.32941176470588235,0.7406817983027894
1.0,0.32834224598930484,0.7408219084702231
1.0,0.32727272727272727,0.7409613912576778
1.0,0.32620320855614976,0.7410665434069679
1.0,0.3251336898395722,0.7411695453044821
1.0,0.3240641711229946,0.7412189045847875
1.0,0.3229946524064171,0.7413501179332559
1.0,0.32192513368983955,0.7415084341043667
1.0,0.32085561497326204,0.7415396095479505
1.0,0.31978609625668447,0.7416624842941284
1.0,0.31871657754010696,0.7417401675076543
1.0,0.3176470588235294,0.7422059068621306
1.0,0.3165775401069519,0.7427605025249513
1.0,0.3155080213903743,0.742921363641168
1.0,0.3144385026737968,0.743144901180769
1.0,0.31336898395721924,0.7432858299885784
1.0,0.3122994652406417,0.74343009848766
1.0,0.31122994652406416,0.743956975999279
1.0,0.31016042780748665,0.74407012423647
1.0,0.3090909090909091,0.7443980831410946
1.0,0.30802139037433157,0.7444861102910032
1.0,0.306951871657754,0.7446380029469032
1.0,0.3058823529411765,0.7452512898232918
1.0,0.3048128342245989,0.7456509075173492
1.0,0.3037433155080214,0.7459991768261676
1.0,0.30267379679144385,0.7461665320942641
1.0,0.3016042780748663,0.7466457252991839
1.0,0.30053475935828877,0.7472629290766444
1.0,0.2994652406417112,0.7474023657689455
1.0,0.2983957219251337,0.7475283334937451
1.0,0.29732620320855613,0.7478422844798813
1.0,0.2962566844919786,0.7478683521473721
1.0,0.29518716577540105,0.7479491454874847
1.0,0.29411764705882354,0.748101855415209
1.0,0.293048128342246,0.748227495676767
1.0,0.29197860962566846,0.748433505849487
1.0,0.2909090909090909,0.7485438784353725
1.0,0.2898395721925134,0.7485821329910204
1.0,0.2887700534759358,0.7487552470422522
1.0,0.2877005347593583,0.748906514499386
1.0,0.28663101604278074,0.7492418690303901
1.0,0.28556149732620323,0.749444946941692
1.0,0.28449197860962566,0.7497435277095756
1.0,0.28342245989304815,0.7499261248684475
1.0,0.2823529411764706,0.7499928509356955
1.0,0.2812834224598931,0.7504445022592786
1.0,0.2802139037433155,0.7506390709175741
1.0,0.279144385026738,0.7508333921324966
1.0,0.27807486631016043,0.7515889862851689
1.0,0.27700534759358286,0.7516002955105652
1.0,0.27593582887700535,0.7520415542537119
1.0,0.2748663101604278,0.7525749722672014
1.0,0.2737967914438503,0.7530117626276628
1.0,0.2727272727272727,0.7538076988572058
1.0,0.2716577540106952,0.7539421827644727
1.0,0.27058823529411763,0.7542201072156893
1.0,0.2695187165775401,0.7544289607311039
1.0,0.26844919786096255,0.7544303587459443
1.0,0.26737967914438504,0.7544316332876795
1.0,0.2663101604278075,0.754465960435784
1.0,0.26524064171122996,0.7546285497689702
1.0,0.2641711229946524,0.7546669566979061
1.0,0.2631016042780749,0.7548180348175808
1.0,0.2620320855614973,0.7549850124353554
1.0,0.2609625668449198,0.7558518973114245
1.0,0.25989304812834224,0.7559689223155076
1.0,0.25882352941176473,0.7561932712092612
1.0,0.25775401069518716,0.7565219545079054
1.0,0.25668449197860965,0.7571100885775701
1.0,0.2556149732620321,0.7571551656659241
1.0,0.2545454545454545,0.7575199641888981
1.0,0.253475935828877,0.7575373135245604
1.0,0.25240641711229944,0.7575726861941521
1.0,0.25133689839572193,0.7577340188323235
1.0,0.25026737967914436,0.7578884606387015
1.0,0.24919786096256685,0.7579129304884809
1.0,0.24812834224598931,0.7582321982083506
1.0,0.24705882352941178,0.7584542410948756
1.0,0.24598930481283424,0.7595631544679453
1.0,0.2449197860962567,0.7601019855486439
1.0,0.24385026737967913,0.7607578766934517
1.0,0.2427807486631016,0.7607616743927962
1.0,0.24171122994652405,0.7607865359235026
1.0,0.24064171122994651,0.7609019672970089
1.0,0.23957219251336898,0.7613849404759797
1.0,0.23850267379679144,0.762609242742573
1.0,0.2374331550802139,0.7626430015849355
1.0,0.23636363636363636,0.7626692082231581
1.0,0.23529411764705882,0.7626866752872268
1.0,0.23422459893048128,0.7627132350203862
1.0,0.23315508021390374,0.762913696618307
1.0,0.2320855614973262,0.7630950803928903
1.0,0.23101604278074866,0.7632885561337013
1.0,0.22994652406417113,0.7634082021651867
1.0,0.2288770053475936,0.7635882307777448
1.0,0.22780748663101605,0.7638829165719074
1.0,0.2267379679144385,0.7641284509878963
1.0,0.22566844919786097,0.7644809182477756
1.0,0.22459893048128343,0.7645195016142932
1.0,0.2235294117647059,0.7652366243116293
1.0,0.22245989304812835,0.765495389838706
1.0,0.22139037433155082,0.76562109490412
1.0,0.22032085561497325,0.765898844789307
1.0,0.2192513368983957,0.7661576054951623
1.0,0.21818181818181817,0.7664386553218775
1.0,0.21711229946524063,0.7667526637666382
1.0,0.2160427807486631,0.7670860193385312
1.0,0.21497326203208555,0.7672215261262028
1.0,0.21390374331550802,0.768440069846629
1.0,0.21283422459893048,0.7687788621978942
1.0,0.21176470588235294,0.7694048421745785
1.0,0.2106951871657754,0.7697094760465037
1.0,0.20962566844919786,0.7697127569105101
1.0,0.20855614973262032,0.7697201324817502
1.0,0.20748663101604278,0.769751957238306
1.0,0.20641711229946524,0.7705487698056085
1.0,0.2053475935828877,0.7708993664198708
1.0,0.20427807486631017,0.7709840122485387
1.0,0.20320855614973263,0.7711484726556899
1.0,0.2021390374331551,0.7712440102722125
1.0,0.20106951871657755,0.7712939709106205
1.0,0.2,0.7719026701854046
1.0,0.19893048128342247,0.7719230542402469
1.0,0.19786096256684493,0.7720038991753158
1.0,0.19679144385026737,0.7724639510669171
1.0,0.19572192513368983,0.7727270148038534
1.0,0.1946524064171123,0.7735494651617599
1.0,0.19358288770053475,0.7736894657057097
1.0,0.1925133689839572,0.7740578060007621
1.0,0.19144385026737967,0.7748100335963102
1.0,0.19037433155080213,0.7750689488354907
1.0,0.1893048128342246,0.7753258179700494
1.0,0.18823529411764706,0.7756451212965032
1.0,0.18716577540106952,0.7757836406389773
1.0,0.18609625668449198,0.7767798782737039
1.0,0.18502673796791444,0.7770591982363813
1.0,0.1839572192513369,0.7774133377576852
1.0,0.18288770053475936,0.7775248678227749
1.0,0.18181818181818182,0.7775956733372424
1.0,0.18074866310160428,0.7777761821620299
1.0,0.17967914438502675,0.7779160874168587
1.0,0.1786096256684492,0.7780164950358244
1.0,0.17754010695187167,0.7783218138195247
1.0,0.17647058823529413,0.7787572073191446
1.0,0.1754010695187166,0.7790504292811657
1.0,0.17433155080213902,0.7790777897195262
1.0,0.17326203208556148,0.7790822047164576
1.0,0.17219251336898395,0.7792763412111623
1.0,0.1711229946524064,0.779283965798019
1.0,0.17005347593582887,0.7797541605315277
1.0,0.16898395721925133,0.7807427985570388
1.0,0.1679144385026738,0.7826296329337337
1.0,0.16684491978609625,0.7827645793386075
1.0,0.1657754010695187,0.7828573228057227
1.0,0.16470588235294117,0.7829087509101911
1.0,0.16363636363636364,0.7831260473769892
1.0,0.1625668449197861,0.7854442429723518
1.0,0.16149732620320856,0.7855852983387328
1.0,0.16042780748663102,0.785658822402147
1.0,0.15935828877005348,0.7862511303011044
1.0,0.15828877005347594,0.7873689782881979
1.0,0.1572192513368984,0.7877874376801868
1.0,0.15614973262032086,0.7884337331034179
1.0,0.15508021390374332,0.7888699047220786
1.0,0.15401069518716579,0.7892617351705358
1.0,0.15294117647058825,0.7893660264345143
1.0,0.1518716577540107,0.7897764231471655
1.0,0.15080213903743314,0.7899150461626905
1.0,0.1497326203208556,0.7901807073549951
1.0,0.14866310160427806,0.7909445577071031
1.0,0.14759358288770053,0.791703704571818
1.0,0.146524064171123,0.7919279634638091
1.0,0.14545454545454545,0.7925457822787576
1.0,0.1443850267379679,0.7926054725949208
1.0,0.14331550802139037,0.7929788712016745
1.0,0.14224598930481283,0.7955128092134314
1.0,0.1411764705882353,0.7955382832809117
1.0,0.14010695187165775,0.7966365502016675
1.0,0.13903743315508021,0.7968428009751867
1.0,0.13796791443850268,0.7972851468282063
1.0,0.13689839572192514,0.797359992519068
1.0,0.1358288770053476,0.7980906153642757
1.0,0.13475935828877006,0.7980925739264364
1.0,0.13368983957219252,0.7981981664062736
1.0,0.13262032085561498,0.7984973567205773
1.0,0.13155080213903744,0.7988281846916271
1.0,0.1304812834224599,0.7991053267739637
1.0,0.12941176470588237,0.799814635234751
1.0,0.12834224598930483,0.8002849686626811
1.0,0.12727272727272726,0.8002995741234701
1.0,0.12620320855614972,0.8003216844092381
1.0,0.12513368983957218,0.8012054431498759
1.0,0.12406417112299466,0.8017514232283736
1.0,0.12299465240641712,0.801799307362845
1.0,0.12192513368983957,0.8032981648914725
1.0,0.12085561497326203,0.8039630172474496
1.0,0.11978609625668449,0.8050018435195568
1.0,0.11871657754010695,0.8056692270773089
1.0,0.11764705882352941,0.8071421047629668
1.0,0.11657754010695187,0.8077886835946748
1.0,0.11550802139037433,0.8092569489999389
1.0,0.1144385026737968,0.8097146340963325
1.0,0.11336898395721925,0.8106771153142651
1.0,0.11229946524064172,0.8113441085203943
1.0,0.11122994652406418,0.8115082864226109
1.0,0.11016042780748662,0.811791436661181
1.0,0.10909090909090909,0.8122641342855863
1.0,0.10802139037433155,0.8131827096939211
1.0,0.10695187165775401,0.813658196049587
1.0,0.10588235294117647,0.8137893507042298
1.0,0.10481283422459893,0.8142586168264305
1.0,0.10374331550802139,0.8145989902638384
1.0,0.10267379679144385,0.8153159008247524
1.0,0.10160427807486631,0.8153680422141433
1.0,0.10053475935828877,0.8154939374930584
1.0,0.09946524064171124,0.8167247078411146
1.0,0.09839572192513368,0.8168480466502674
1.0,0.09732620320855614,0.8168909350708604
1.0,0.0962566844919786,0.8178502470430744
1.0,0.09518716577540107,0.8180688266156056
1.0,0.09411764705882353,0.8181568892039061
1.0,0.09304812834224599,0.818301584341872
1.0,0.09197860962566845,0.8186252452065284
1.0,0.09090909090909091,0.8201205463853092
1.0,0.08983957219251337,0.8208021680044876
1.0,0.08877005347593583,0.8218832137508976
1.0,0.0877005347593583,0.8234092921937192
1.0,0.08663101604278074,0.8237478475683719
1.0,0.0855614973262032,0.8239116955342994
1.0,0.08449197860962566,0.8243060550430048
1.0,0.08342245989304813,0.8254603449754614
1.0,0.08235294117647059,0.8255409160931597
1.0,0.08128342245989305,0.827581946025205
1.0,0.08021390374331551,0.8291194231310177
1.0,0.07914438502673797,0.8292194890489106
1.0,0.07807486631016043,0.8293179523211105
1.0,0.07700534759358289,0.8299431752614931
1.0,0.07593582887700535,0.8304061312564616
1.0,0.0748663101604278,0.831352708725304
1.0,0.07379679144385026,0.8343281416432602
1.0,0.07272727272727272,0.8346275892132231
1.0,0.07165775401069518,0.8347020668725704
1.0,0.07058823529411765,0.8347570275922136
1.0,0.06951871657754011,0.8356173286493751
1.0,0.06844919786096257,0.8356663785602396
1.0,0.06737967914438503,0.8358001136483935
1.0,0.06631016042780749,0.8365253737893452
1.0,0.06524064171122995,0.8372943324434581
1.0,0.06417112299465241,0.8385573233572765
1.0,0.06310160427807486,0.8387856255034267
1.0,0.06203208556149733,0.8398174141945445
1.0,0.06096256684491978,0.84021875066362
1.0,0.059893048128342244,0.8411028941769038
1.0,0.058823529411764705,0.8423243008320777
1.0,0.057754010695187166,0.842751323906543
1.0,0.05668449197860963,0.8429705015667086
1.0,0.05561497326203209,0.8430347992520043
1.0,0.05454545454545454,0.8465633110071197
1.0,0.053475935828877004,0.8465637725075652
1.0,0.052406417112299465,0.8472481515010595
1.0,0.051336898395721926,0.8504167081074953
1.0,0.05026737967914439,0.8508620633433334
1.0,0.04919786096256684,0.852678822728804
1.0,0.0481283422459893,0.8531215313986092
1.0,0.047058823529411764,0.854202132040602
1.0,0.045989304812834225,0.8549097362894258
1.0,0.044919786096256686,0.8562571120526646
1.0,0.04385026737967915,0.8578721959183926
1.0,0.0427807486631016,0.8580612846744586
1.0,0.04171122994652406,0.8588921361968722
1.0,0.040641711229946524,0.8596951222699094
1.0,0.039572192513368985,0.8605549141651744
1.0,0.038502673796791446,0.8605572130575012
1.0,0.0374331550802139,0.8611967461266032
1.0,0.03636363636363636,0.8619804812774163
1.0,0.03529411764705882,0.8621533939835997
1.0,0.034224598930481284,0.8635551390949681
1.0,0.033155080213903745,0.8655895787748861
1.0,0.03208556149732621,0.8682522123918561
1.0,0.031016042780748664,0.8709396719191663
1.0,0.029946524064171122,0.8711857863998989
1.0,0.028877005347593583,0.876207763453245
1.0,0.027807486631016044,0.879471113337724
1.0,0.026737967914438502,0.8796765659555901
1.0,0.025668449197860963,0.8860897949585709
1.0,0.02459893048128342,0.8864757777971533
1.0,0.023529411764705882,0.8866601683417216
1.0,0.022459893048128343,0.8868952751670095
1.0,0.0213903743315508,0.8869714936909547
1.0,0.020320855614973262,0.8874920573635026
1.0,0.019251336898395723,0.89006521824564
1.0,0.01818181818181818,0.8910698792146201
1.0,0.017112299465240642,0.8937188301193834
1.0,0.016042780748663103,0.8951163405282311
1.0,0.014973262032085561,0.8951563940157253
1.0,0.013903743315508022,0.8965680860817732
1.0,0.012834224598930482,0.8969397179722722
1.0,0.011764705882352941,0.8972437666927091
1.0,0.0106951871657754,0.8991352992436503
1.0,0.009625668449197862,0.9052935411789378
1.0,0.008556149732620321,0.9084902867375825
1.0,0.0074866310160427805,0.9121000725227151
1.0,0.006417112299465241,0.9150816174433527
1.0,0.0053475935828877,0.9266054483041921
1.0,0.0042780748663101605,0.9281332342190964
1.0,0.0032085561497326204,0.9282308162601167
1.0,0.0021390374331550803,0.9474189214799408
1.0,0.0010695187165775401,0.9544313207223573
