identity_id,filename,split
Person_1,Person_1_4.jpg,gallery
Person_1,Person_1_2.jpg,gallery
Person_1,Person_1_3.jpg,gallery
Person_1,Person_1_5.jpg,query
Person_1,Person_1_1.jpg,query
Person_1,Person_1_6.jpg,query
Person_10,Person_10_8.jpg,gallery
Person_10,Person_10_6.jpg,gallery
Person_10,Person_10_3.jpg,gallery
Person_10,Person_10_5.jpg,gallery
Person_10,Person_10_1.jpg,query
Person_10,Person_10_7.jpg,query
Person_10,Person_10_2.jpg,query
Person_10,Person_10_4.jpg,query
Person_11,Person_11_2.jpg,gallery
Person_11,Person_11_3.jpg,gallery
Person_11,Person_11_4.jpg,gallery
Person_11,Person_11_5.jpg,query
Person_11,Person_11_1.jpg,query
Person_12,Person_12_20.jpg,gallery
Person_12,Person_12_146.jpg,gallery
Person_12,Person_12_192.jpg,gallery
Person_12,Person_12_3.jpg,gallery
Person_12,Person_12_103.jpg,gallery
Person_12,Person_12_72.jpg,gallery
Person_12,Person_12_94.jpg,gallery
Person_12,Person_12_49.jpg,gallery
Person_12,Person_12_107.jpg,gallery
Person_12,Person_12_211.jpg,gallery
Person_12,Person_12_6.jpg,gallery
Person_12,Person_12_145.jpg,gallery
Person_12,Person_12_150.jpg,gallery
Person_12,Person_12_7.jpg,gallery
Person_12,Person_12_93.jpg,gallery
Person_12,Person_12_73.jpg,gallery
Person_12,Person_12_176.jpg,gallery
Person_12,Person_12_21.jpg,gallery
Person_12,Person_12_5.jpg,gallery
Person_12,Person_12_96.jpg,gallery
Person_12,Person_12_51.jpg,gallery
Person_12,Person_12_64.jpg,gallery
Person_12,Person_12_88.jpg,gallery
Person_12,Person_12_164.jpg,gallery
Person_12,Person_12_159.jpg,gallery
Person_12,Person_12_125.jpg,gallery
Person_12,Person_12_209.jpg,gallery
Person_12,Person_12_158.jpg,gallery
Person_12,Person_12_237.jpg,gallery
Person_12,Person_12_17.jpg,gallery
Person_12,Person_12_229.jpg,gallery
Person_12,Person_12_101.jpg,gallery
Person_12,Person_12_217.jpg,gallery
Person_12,Person_12_92.jpg,gallery
Person_12,Person_12_233.jpg,gallery
Person_12,Person_12_90.jpg,gallery
Person_12,Person_12_223.jpg,gallery
Person_12,Person_12_195.jpg,gallery
Person_12,Person_12_206.jpg,gallery
Person_12,Person_12_36.jpg,gallery
Person_12,Person_12_102.jpg,gallery
Person_12,Person_12_18.jpg,gallery
Person_12,Person_12_112.jpg,gallery
Person_12,Person_12_165.jpg,gallery
Person_12,Person_12_154.jpg,gallery
Person_12,Person_12_175.jpg,gallery
Person_12,Person_12_219.jpg,gallery
Person_12,Person_12_220.jpg,gallery
Person_12,Person_12_39.jpg,gallery
Person_12,Person_12_137.jpg,gallery
Person_12,Person_12_67.jpg,gallery
Person_12,Person_12_202.jpg,gallery
Person_12,Person_12_14.jpg,gallery
Person_12,Person_12_22.jpg,gallery
Person_12,Person_12_139.jpg,gallery
Person_12,Person_12_69.jpg,gallery
Person_12,Person_12_142.jpg,gallery
Person_12,Person_12_2.jpg,gallery
Person_12,Person_12_37.jpg,gallery
Person_12,Person_12_123.jpg,gallery
Person_12,Person_12_19.jpg,gallery
Person_12,Person_12_194.jpg,gallery
Person_12,Person_12_230.jpg,gallery
Person_12,Person_12_189.jpg,gallery
Person_12,Person_12_118.jpg,gallery
Person_12,Person_12_153.jpg,gallery
Person_12,Person_12_247.jpg,gallery
Person_12,Person_12_98.jpg,gallery
Person_12,Person_12_244.jpg,gallery
Person_12,Person_12_170.jpg,gallery
Person_12,Person_12_41.jpg,gallery
Person_12,Person_12_108.jpg,gallery
Person_12,Person_12_74.jpg,gallery
Person_12,Person_12_105.jpg,gallery
Person_12,Person_12_126.jpg,gallery
Person_12,Person_12_218.jpg,gallery
Person_12,Person_12_140.jpg,gallery
Person_12,Person_12_9.jpg,gallery
Person_12,Person_12_100.jpg,gallery
Person_12,Person_12_254.jpg,gallery
Person_12,Person_12_34.jpg,gallery
Person_12,Person_12_26.jpg,gallery
Person_12,Person_12_85.jpg,gallery
Person_12,Person_12_210.jpg,gallery
Person_12,Person_12_250.jpg,gallery
Person_12,Person_12_193.jpg,gallery
Person_12,Person_12_141.jpg,gallery
Person_12,Person_12_116.jpg,gallery
Person_12,Person_12_43.jpg,gallery
Person_12,Person_12_169.jpg,gallery
Person_12,Person_12_185.jpg,gallery
Person_12,Person_12_172.jpg,gallery
Person_12,Person_12_133.jpg,gallery
Person_12,Person_12_66.jpg,gallery
Person_12,Person_12_110.jpg,gallery
Person_12,Person_12_208.jpg,gallery
Person_12,Person_12_119.jpg,gallery
Person_12,Person_12_236.jpg,gallery
Person_12,Person_12_157.jpg,gallery
Person_12,Person_12_129.jpg,gallery
Person_12,Person_12_235.jpg,gallery
Person_12,Person_12_87.jpg,gallery
Person_12,Person_12_1.jpg,gallery
Person_12,Person_12_28.jpg,gallery
Person_12,Person_12_82.jpg,gallery
Person_12,Person_12_75.jpg,gallery
Person_12,Person_12_132.jpg,gallery
Person_12,Person_12_40.jpg,gallery
Person_12,Person_12_50.jpg,gallery
Person_12,Person_12_173.jpg,gallery
Person_12,Person_12_214.jpg,gallery
Person_12,Person_12_13.jpg,gallery
Person_12,Person_12_59.jpg,gallery
Person_12,Person_12_54.jpg,gallery
Person_12,Person_12_200.jpg,gallery
Person_12,Person_12_252.jpg,gallery
Person_12,Person_12_25.jpg,gallery
Person_12,Person_12_225.jpg,gallery
Person_12,Person_12_78.jpg,gallery
Person_12,Person_12_83.jpg,gallery
Person_12,Person_12_207.jpg,gallery
Person_12,Person_12_199.jpg,gallery
Person_12,Person_12_162.jpg,gallery
Person_12,Person_12_128.jpg,gallery
Person_12,Person_12_29.jpg,gallery
Person_12,Person_12_44.jpg,gallery
Person_12,Person_12_168.jpg,gallery
Person_12,Person_12_48.jpg,gallery
Person_12,Person_12_188.jpg,gallery
Person_12,Person_12_240.jpg,gallery
Person_12,Person_12_79.jpg,gallery
Person_12,Person_12_80.jpg,gallery
Person_12,Person_12_76.jpg,gallery
Person_12,Person_12_124.jpg,gallery
Person_12,Person_12_11.jpg,gallery
Person_12,Person_12_71.jpg,gallery
Person_12,Person_12_212.jpg,gallery
Person_12,Person_12_216.jpg,gallery
Person_12,Person_12_52.jpg,gallery
Person_12,Person_12_8.jpg,gallery
Person_12,Person_12_53.jpg,query
Person_12,Person_12_242.jpg,query
Person_12,Person_12_198.jpg,query
Person_12,Person_12_232.jpg,query
Person_12,Person_12_60.jpg,query
Person_12,Person_12_95.jpg,query
Person_12,Person_12_156.jpg,query
Person_12,Person_12_130.jpg,query
Person_12,Person_12_68.jpg,query
Person_12,Person_12_131.jpg,query
Person_12,Person_12_61.jpg,query
Person_12,Person_12_190.jpg,query
Person_12,Person_12_213.jpg,query
Person_12,Person_12_24.jpg,query
Person_12,Person_12_55.jpg,query
Person_12,Person_12_23.jpg,query
Person_12,Person_12_148.jpg,query
Person_12,Person_12_113.jpg,query
Person_12,Person_12_33.jpg,query
Person_12,Person_12_191.jpg,query
Person_12,Person_12_171.jpg,query
Person_12,Person_12_106.jpg,query
Person_12,Person_12_47.jpg,query
Person_12,Person_12_111.jpg,query
Person_12,Person_12_174.jpg,query
Person_12,Person_12_89.jpg,query
Person_12,Person_12_227.jpg,query
Person_12,Person_12_246.jpg,query
Person_12,Person_12_161.jpg,query
Person_12,Person_12_42.jpg,query
Person_12,Person_12_205.jpg,query
Person_12,Person_12_62.jpg,query
Person_12,Person_12_155.jpg,query
Person_12,Person_12_221.jpg,query
Person_12,Person_12_138.jpg,query
Person_12,Person_12_4.jpg,query
Person_12,Person_12_239.jpg,query
Person_12,Person_12_115.jpg,query
Person_12,Person_12_248.jpg,query
Person_12,Person_12_27.jpg,query
Person_12,Person_12_91.jpg,query
Person_12,Person_12_160.jpg,query
Person_12,Person_12_253.jpg,query
Person_12,Person_12_147.jpg,query
Person_12,Person_12_180.jpg,query
Person_12,Person_12_184.jpg,query
Person_12,Person_12_136.jpg,query
Person_12,Person_12_183.jpg,query
Person_12,Person_12_245.jpg,query
Person_12,Person_12_203.jpg,query
Person_12,Person_12_77.jpg,query
Person_12,Person_12_84.jpg,query
Person_12,Person_12_121.jpg,query
Person_12,Person_12_99.jpg,query
Person_12,Person_12_58.jpg,query
Person_12,Person_12_166.jpg,query
Person_12,Person_12_151.jpg,query
Person_12,Person_12_251.jpg,query
Person_12,Person_12_63.jpg,query
Person_12,Person_12_114.jpg,query
Person_12,Person_12_32.jpg,query
Person_12,Person_12_143.jpg,query
Person_12,Person_12_231.jpg,query
Person_12,Person_12_182.jpg,query
Person_12,Person_12_241.jpg,query
Person_12,Person_12_243.jpg,query
Person_12,Person_12_167.jpg,query
Person_12,Person_12_226.jpg,query
Person_12,Person_12_117.jpg,query
Person_12,Person_12_186.jpg,query
Person_12,Person_12_127.jpg,query
Person_12,Person_12_222.jpg,query
Person_12,Person_12_204.jpg,query
Person_12,Person_12_38.jpg,query
Person_12,Person_12_109.jpg,query
Person_12,Person_12_81.jpg,query
Person_12,Person_12_16.jpg,query
Person_12,Person_12_97.jpg,query
Person_12,Person_12_179.jpg,query
Person_12,Person_12_65.jpg,query
Person_12,Person_12_181.jpg,query
Person_12,Person_12_120.jpg,query
Person_12,Person_12_187.jpg,query
Person_12,Person_12_12.jpg,query
Person_12,Person_12_122.jpg,query
Person_12,Person_12_177.jpg,query
Person_12,Person_12_46.jpg,query
Person_12,Person_12_149.jpg,query
Person_12,Person_12_134.jpg,query
Person_12,Person_12_86.jpg,query
Person_12,Person_12_178.jpg,query
Person_12,Person_12_197.jpg,query
Person_12,Person_12_30.jpg,query
Person_12,Person_12_135.jpg,query
Person_12,Person_12_56.jpg,query
Person_12,Person_12_45.jpg,query
Person_12,Person_12_10.jpg,query
Person_12,Person_12_70.jpg,query
Person_12,Person_12_57.jpg,query
Person_12,Person_12_163.jpg,query
Person_12,Person_12_234.jpg,query
Person_12,Person_12_201.jpg,query
Person_12,Person_12_15.jpg,query
Person_12,Person_12_196.jpg,query
Person_12,Person_12_224.jpg,query
Person_12,Person_12_31.jpg,query
Person_12,Person_12_249.jpg,query
Person_12,Person_12_35.jpg,query
Person_12,Person_12_144.jpg,query
Person_12,Person_12_228.jpg,query
Person_12,Person_12_104.jpg,query
Person_12,Person_12_238.jpg,query
Person_12,Person_12_215.jpg,query
Person_12,Person_12_152.jpg,query
Person_13,Person_13_52.jpg,gallery
Person_13,Person_13_109.jpg,gallery
Person_13,Person_13_80.jpg,gallery
Person_13,Person_13_150.jpg,gallery
Person_13,Person_13_111.jpg,gallery
Person_13,Person_13_26.jpg,gallery
Person_13,Person_13_138.jpg,gallery
Person_13,Person_13_100.jpg,gallery
Person_13,Person_13_23.jpg,gallery
Person_13,Person_13_29.jpg,gallery
Person_13,Person_13_51.jpg,gallery
Person_13,Person_13_57.jpg,gallery
Person_13,Person_13_97.jpg,gallery
Person_13,Person_13_118.jpg,gallery
Person_13,Person_13_50.jpg,gallery
Person_13,Person_13_10.jpg,gallery
Person_13,Person_13_47.jpg,gallery
Person_13,Person_13_14.jpg,gallery
Person_13,Person_13_39.jpg,gallery
Person_13,Person_13_81.jpg,gallery
Person_13,Person_13_141.jpg,gallery
Person_13,Person_13_7.jpg,gallery
Person_13,Person_13_85.jpg,gallery
Person_13,Person_13_149.jpg,gallery
Person_13,Person_13_107.jpg,gallery
Person_13,Person_13_65.jpg,gallery
Person_13,Person_13_88.jpg,gallery
Person_13,Person_13_114.jpg,gallery
Person_13,Person_13_139.jpg,gallery
Person_13,Person_13_82.jpg,gallery
Person_13,Person_13_136.jpg,gallery
Person_13,Person_13_48.jpg,gallery
Person_13,Person_13_93.jpg,gallery
Person_13,Person_13_40.jpg,gallery
Person_13,Person_13_60.jpg,gallery
Person_13,Person_13_15.jpg,gallery
Person_13,Person_13_9.jpg,gallery
Person_13,Person_13_69.jpg,gallery
Person_13,Person_13_160.jpg,gallery
Person_13,Person_13_53.jpg,gallery
Person_13,Person_13_146.jpg,gallery
Person_13,Person_13_124.jpg,gallery
Person_13,Person_13_22.jpg,gallery
Person_13,Person_13_115.jpg,gallery
Person_13,Person_13_90.jpg,gallery
Person_13,Person_13_56.jpg,gallery
Person_13,Person_13_21.jpg,gallery
Person_13,Person_13_119.jpg,gallery
Person_13,Person_13_31.jpg,gallery
Person_13,Person_13_24.jpg,gallery
Person_13,Person_13_128.jpg,gallery
Person_13,Person_13_110.jpg,gallery
Person_13,Person_13_13.jpg,gallery
Person_13,Person_13_8.jpg,gallery
Person_13,Person_13_58.jpg,gallery
Person_13,Person_13_61.jpg,gallery
Person_13,Person_13_134.jpg,gallery
Person_13,Person_13_125.jpg,gallery
Person_13,Person_13_68.jpg,gallery
Person_13,Person_13_102.jpg,gallery
Person_13,Person_13_83.jpg,gallery
Person_13,Person_13_92.jpg,gallery
Person_13,Person_13_152.jpg,gallery
Person_13,Person_13_162.jpg,gallery
Person_13,Person_13_62.jpg,gallery
Person_13,Person_13_133.jpg,gallery
Person_13,Person_13_113.jpg,gallery
Person_13,Person_13_144.jpg,gallery
Person_13,Person_13_2.jpg,gallery
Person_13,Person_13_30.jpg,gallery
Person_13,Person_13_18.jpg,gallery
Person_13,Person_13_122.jpg,gallery
Person_13,Person_13_66.jpg,gallery
Person_13,Person_13_71.jpg,gallery
Person_13,Person_13_159.jpg,gallery
Person_13,Person_13_27.jpg,gallery
Person_13,Person_13_25.jpg,gallery
Person_13,Person_13_147.jpg,gallery
Person_13,Person_13_35.jpg,gallery
Person_13,Person_13_103.jpg,gallery
Person_13,Person_13_6.jpg,gallery
Person_13,Person_13_67.jpg,gallery
Person_13,Person_13_127.jpg,gallery
Person_13,Person_13_17.jpg,gallery
Person_13,Person_13_70.jpg,gallery
Person_13,Person_13_145.jpg,gallery
Person_13,Person_13_126.jpg,gallery
Person_13,Person_13_96.jpg,gallery
Person_13,Person_13_33.jpg,gallery
Person_13,Person_13_20.jpg,gallery
Person_13,Person_13_106.jpg,query
Person_13,Person_13_78.jpg,query
Person_13,Person_13_108.jpg,query
Person_13,Person_13_158.jpg,query
Person_13,Person_13_43.jpg,query
Person_13,Person_13_117.jpg,query
Person_13,Person_13_16.jpg,query
Person_13,Person_13_157.jpg,query
Person_13,Person_13_154.jpg,query
Person_13,Person_13_49.jpg,query
Person_13,Person_13_104.jpg,query
Person_13,Person_13_75.jpg,query
Person_13,Person_13_135.jpg,query
Person_13,Person_13_38.jpg,query
Person_13,Person_13_89.jpg,query
Person_13,Person_13_161.jpg,query
Person_13,Person_13_37.jpg,query
Person_13,Person_13_19.jpg,query
Person_13,Person_13_105.jpg,query
Person_13,Person_13_95.jpg,query
Person_13,Person_13_132.jpg,query
Person_13,Person_13_120.jpg,query
Person_13,Person_13_84.jpg,query
Person_13,Person_13_155.jpg,query
Person_13,Person_13_34.jpg,query
Person_13,Person_13_28.jpg,query
Person_13,Person_13_87.jpg,query
Person_13,Person_13_73.jpg,query
Person_13,Person_13_36.jpg,query
Person_13,Person_13_32.jpg,query
Person_13,Person_13_72.jpg,query
Person_13,Person_13_131.jpg,query
Person_13,Person_13_151.jpg,query
Person_13,Person_13_74.jpg,query
Person_13,Person_13_42.jpg,query
Person_13,Person_13_86.jpg,query
Person_13,Person_13_129.jpg,query
Person_13,Person_13_41.jpg,query
Person_13,Person_13_1.jpg,query
Person_13,Person_13_4.jpg,query
Person_13,Person_13_91.jpg,query
Person_13,Person_13_98.jpg,query
Person_13,Person_13_44.jpg,query
Person_13,Person_13_148.jpg,query
Person_13,Person_13_63.jpg,query
Person_13,Person_13_64.jpg,query
Person_13,Person_13_46.jpg,query
Person_13,Person_13_137.jpg,query
Person_13,Person_13_153.jpg,query
Person_13,Person_13_12.jpg,query
Person_13,Person_13_101.jpg,query
Person_13,Person_13_77.jpg,query
Person_13,Person_13_11.jpg,query
Person_13,Person_13_99.jpg,query
Person_13,Person_13_79.jpg,query
Person_13,Person_13_54.jpg,query
Person_13,Person_13_116.jpg,query
Person_13,Person_13_94.jpg,query
Person_13,Person_13_59.jpg,query
Person_13,Person_13_163.jpg,query
Person_13,Person_13_140.jpg,query
Person_13,Person_13_5.jpg,query
Person_13,Person_13_130.jpg,query
Person_13,Person_13_55.jpg,query
Person_13,Person_13_76.jpg,query
Person_13,Person_13_142.jpg,query
Person_13,Person_13_143.jpg,query
Person_13,Person_13_156.jpg,query
Person_13,Person_13_123.jpg,query
Person_13,Person_13_3.jpg,query
Person_13,Person_13_45.jpg,query
Person_13,Person_13_112.jpg,query
Person_13,Person_13_121.jpg,query
Person_14,Person_14_96.jpg,gallery
Person_14,Person_14_80.jpg,gallery
Person_14,Person_14_51.jpg,gallery
Person_14,Person_14_110.jpg,gallery
Person_14,Person_14_38.jpg,gallery
Person_14,Person_14_29.jpg,gallery
Person_14,Person_14_197.jpg,gallery
Person_14,Person_14_42.jpg,gallery
Person_14,Person_14_23.jpg,gallery
Person_14,Person_14_10.jpg,gallery
Person_14,Person_14_165.jpg,gallery
Person_14,Person_14_11.jpg,gallery
Person_14,Person_14_45.jpg,gallery
Person_14,Person_14_102.jpg,gallery
Person_14,Person_14_37.jpg,gallery
Person_14,Person_14_161.jpg,gallery
Person_14,Person_14_98.jpg,gallery
Person_14,Person_14_168.jpg,gallery
Person_14,Person_14_196.jpg,gallery
Person_14,Person_14_155.jpg,gallery
Person_14,Person_14_13.jpg,gallery
Person_14,Person_14_201.jpg,gallery
Person_14,Person_14_27.jpg,gallery
Person_14,Person_14_173.jpg,gallery
Person_14,Person_14_214.jpg,gallery
Person_14,Person_14_172.jpg,gallery
Person_14,Person_14_61.jpg,gallery
Person_14,Person_14_22.jpg,gallery
Person_14,Person_14_138.jpg,gallery
Person_14,Person_14_19.jpg,gallery
Person_14,Person_14_12.jpg,gallery
Person_14,Person_14_91.jpg,gallery
Person_14,Person_14_203.jpg,gallery
Person_14,Person_14_192.jpg,gallery
Person_14,Person_14_87.jpg,gallery
Person_14,Person_14_167.jpg,gallery
Person_14,Person_14_117.jpg,gallery
Person_14,Person_14_77.jpg,gallery
Person_14,Person_14_141.jpg,gallery
Person_14,Person_14_212.jpg,gallery
Person_14,Person_14_106.jpg,gallery
Person_14,Person_14_140.jpg,gallery
Person_14,Person_14_4.jpg,gallery
Person_14,Person_14_154.jpg,gallery
Person_14,Person_14_130.jpg,gallery
Person_14,Person_14_65.jpg,gallery
Person_14,Person_14_9.jpg,gallery
Person_14,Person_14_129.jpg,gallery
Person_14,Person_14_90.jpg,gallery
Person_14,Person_14_195.jpg,gallery
Person_14,Person_14_111.jpg,gallery
Person_14,Person_14_31.jpg,gallery
Person_14,Person_14_148.jpg,gallery
Person_14,Person_14_50.jpg,gallery
Person_14,Person_14_21.jpg,gallery
Person_14,Person_14_95.jpg,gallery
Person_14,Person_14_217.jpg,gallery
Person_14,Person_14_190.jpg,gallery
Person_14,Person_14_139.jpg,gallery
Person_14,Person_14_218.jpg,gallery
Person_14,Person_14_62.jpg,gallery
Person_14,Person_14_112.jpg,gallery
Person_14,Person_14_186.jpg,gallery
Person_14,Person_14_63.jpg,gallery
Person_14,Person_14_5.jpg,gallery
Person_14,Person_14_200.jpg,gallery
Person_14,Person_14_20.jpg,gallery
Person_14,Person_14_52.jpg,gallery
Person_14,Person_14_36.jpg,gallery
Person_14,Person_14_64.jpg,gallery
Person_14,Person_14_213.jpg,gallery
Person_14,Person_14_103.jpg,gallery
Person_14,Person_14_101.jpg,gallery
Person_14,Person_14_115.jpg,gallery
Person_14,Person_14_121.jpg,gallery
Person_14,Person_14_97.jpg,gallery
Person_14,Person_14_209.jpg,gallery
Person_14,Person_14_126.jpg,gallery
Person_14,Person_14_41.jpg,gallery
Person_14,Person_14_137.jpg,gallery
Person_14,Person_14_170.jpg,gallery
Person_14,Person_14_178.jpg,gallery
Person_14,Person_14_189.jpg,gallery
Person_14,Person_14_83.jpg,gallery
Person_14,Person_14_215.jpg,gallery
Person_14,Person_14_118.jpg,gallery
Person_14,Person_14_71.jpg,gallery
Person_14,Person_14_25.jpg,gallery
Person_14,Person_14_33.jpg,gallery
Person_14,Person_14_198.jpg,gallery
Person_14,Person_14_82.jpg,gallery
Person_14,Person_14_57.jpg,gallery
Person_14,Person_14_152.jpg,gallery
Person_14,Person_14_206.jpg,gallery
Person_14,Person_14_174.jpg,gallery
Person_14,Person_14_169.jpg,gallery
Person_14,Person_14_166.jpg,gallery
Person_14,Person_14_149.jpg,gallery
Person_14,Person_14_78.jpg,gallery
Person_14,Person_14_131.jpg,gallery
Person_14,Person_14_75.jpg,gallery
Person_14,Person_14_220.jpg,gallery
Person_14,Person_14_211.jpg,gallery
Person_14,Person_14_205.jpg,gallery
Person_14,Person_14_210.jpg,gallery
Person_14,Person_14_164.jpg,gallery
Person_14,Person_14_53.jpg,gallery
Person_14,Person_14_119.jpg,gallery
Person_14,Person_14_185.jpg,gallery
Person_14,Person_14_177.jpg,gallery
Person_14,Person_14_93.jpg,gallery
Person_14,Person_14_208.jpg,gallery
Person_14,Person_14_81.jpg,gallery
Person_14,Person_14_120.jpg,gallery
Person_14,Person_14_113.jpg,gallery
Person_14,Person_14_162.jpg,gallery
Person_14,Person_14_89.jpg,gallery
Person_14,Person_14_44.jpg,gallery
Person_14,Person_14_56.jpg,gallery
Person_14,Person_14_70.jpg,gallery
Person_14,Person_14_146.jpg,gallery
Person_14,Person_14_66.jpg,query
Person_14,Person_14_72.jpg,query
Person_14,Person_14_157.jpg,query
Person_14,Person_14_94.jpg,query
Person_14,Person_14_202.jpg,query
Person_14,Person_14_182.jpg,query
Person_14,Person_14_127.jpg,query
Person_14,Person_14_30.jpg,query
Person_14,Person_14_40.jpg,query
Person_14,Person_14_46.jpg,query
Person_14,Person_14_88.jpg,query
Person_14,Person_14_84.jpg,query
Person_14,Person_14_144.jpg,query
Person_14,Person_14_219.jpg,query
Person_14,Person_14_1.jpg,query
Person_14,Person_14_76.jpg,query
Person_14,Person_14_109.jpg,query
Person_14,Person_14_158.jpg,query
Person_14,Person_14_142.jpg,query
Person_14,Person_14_188.jpg,query
Person_14,Person_14_39.jpg,query
Person_14,Person_14_74.jpg,query
Person_14,Person_14_32.jpg,query
Person_14,Person_14_171.jpg,query
Person_14,Person_14_179.jpg,query
Person_14,Person_14_2.jpg,query
Person_14,Person_14_60.jpg,query
Person_14,Person_14_59.jpg,query
Person_14,Person_14_16.jpg,query
Person_14,Person_14_34.jpg,query
Person_14,Person_14_67.jpg,query
Person_14,Person_14_159.jpg,query
Person_14,Person_14_125.jpg,query
Person_14,Person_14_105.jpg,query
Person_14,Person_14_48.jpg,query
Person_14,Person_14_24.jpg,query
Person_14,Person_14_49.jpg,query
Person_14,Person_14_216.jpg,query
Person_14,Person_14_79.jpg,query
Person_14,Person_14_47.jpg,query
Person_14,Person_14_114.jpg,query
Person_14,Person_14_163.jpg,query
Person_14,Person_14_175.jpg,query
Person_14,Person_14_191.jpg,query
Person_14,Person_14_143.jpg,query
Person_14,Person_14_68.jpg,query
Person_14,Person_14_150.jpg,query
Person_14,Person_14_151.jpg,query
Person_14,Person_14_85.jpg,query
Person_14,Person_14_18.jpg,query
Person_14,Person_14_204.jpg,query
Person_14,Person_14_145.jpg,query
Person_14,Person_14_15.jpg,query
Person_14,Person_14_207.jpg,query
Person_14,Person_14_92.jpg,query
Person_14,Person_14_187.jpg,query
Person_14,Person_14_123.jpg,query
Person_14,Person_14_135.jpg,query
Person_14,Person_14_160.jpg,query
Person_14,Person_14_8.jpg,query
Person_14,Person_14_55.jpg,query
Person_14,Person_14_69.jpg,query
Person_14,Person_14_176.jpg,query
Person_14,Person_14_7.jpg,query
Person_14,Person_14_104.jpg,query
Person_14,Person_14_194.jpg,query
Person_14,Person_14_14.jpg,query
Person_14,Person_14_136.jpg,query
Person_14,Person_14_153.jpg,query
Person_14,Person_14_134.jpg,query
Person_14,Person_14_73.jpg,query
Person_14,Person_14_43.jpg,query
Person_14,Person_14_193.jpg,query
Person_14,Person_14_99.jpg,query
Person_14,Person_14_180.jpg,query
Person_14,Person_14_122.jpg,query
Person_14,Person_14_54.jpg,query
Person_14,Person_14_156.jpg,query
Person_14,Person_14_58.jpg,query
Person_14,Person_14_147.jpg,query
Person_14,Person_14_181.jpg,query
Person_14,Person_14_86.jpg,query
Person_14,Person_14_183.jpg,query
Person_14,Person_14_17.jpg,query
Person_14,Person_14_108.jpg,query
Person_14,Person_14_128.jpg,query
Person_14,Person_14_199.jpg,query
Person_14,Person_14_132.jpg,query
Person_14,Person_14_28.jpg,query
Person_14,Person_14_35.jpg,query
Person_14,Person_14_184.jpg,query
Person_14,Person_14_107.jpg,query
Person_14,Person_14_26.jpg,query
Person_14,Person_14_133.jpg,query
Person_14,Person_14_6.jpg,query
Person_14,Person_14_116.jpg,query
Person_14,Person_14_124.jpg,query
Person_14,Person_14_100.jpg,query
Person_14,Person_14_3.jpg,query
Person_15,Person_15_24.jpg,gallery
Person_15,Person_15_6.jpg,gallery
Person_15,Person_15_27.jpg,gallery
Person_15,Person_15_8.jpg,gallery
Person_15,Person_15_11.jpg,gallery
Person_15,Person_15_4.jpg,gallery
Person_15,Person_15_16.jpg,gallery
Person_15,Person_15_12.jpg,gallery
Person_15,Person_15_18.jpg,gallery
Person_15,Person_15_17.jpg,gallery
Person_15,Person_15_2.jpg,gallery
Person_15,Person_15_3.jpg,gallery
Person_15,Person_15_13.jpg,gallery
Person_15,Person_15_14.jpg,gallery
Person_15,Person_15_7.jpg,gallery
Person_15,Person_15_23.jpg,query
Person_15,Person_15_26.jpg,query
Person_15,Person_15_1.jpg,query
Person_15,Person_15_20.jpg,query
Person_15,Person_15_5.jpg,query
Person_15,Person_15_15.jpg,query
Person_15,Person_15_10.jpg,query
Person_15,Person_15_9.jpg,query
Person_15,Person_15_22.jpg,query
Person_15,Person_15_25.jpg,query
Person_15,Person_15_19.jpg,query
Person_15,Person_15_21.jpg,query
Person_16,Person_16_16.jpg,gallery
Person_16,Person_16_7.jpg,gallery
Person_16,Person_16_43.jpg,gallery
Person_16,Person_16_30.jpg,gallery
Person_16,Person_16_4.jpg,gallery
Person_16,Person_16_48.jpg,gallery
Person_16,Person_16_67.jpg,gallery
Person_16,Person_16_58.jpg,gallery
Person_16,Person_16_35.jpg,gallery
Person_16,Person_16_32.jpg,gallery
Person_16,Person_16_68.jpg,gallery
Person_16,Person_16_9.jpg,gallery
Person_16,Person_16_5.jpg,gallery
Person_16,Person_16_1.jpg,gallery
Person_16,Person_16_51.jpg,gallery
Person_16,Person_16_52.jpg,gallery
Person_16,Person_16_39.jpg,gallery
Person_16,Person_16_57.jpg,gallery
Person_16,Person_16_34.jpg,gallery
Person_16,Person_16_27.jpg,gallery
Person_16,Person_16_50.jpg,gallery
Person_16,Person_16_73.jpg,gallery
Person_16,Person_16_66.jpg,gallery
Person_16,Person_16_46.jpg,gallery
Person_16,Person_16_45.jpg,gallery
Person_16,Person_16_15.jpg,gallery
Person_16,Person_16_26.jpg,gallery
Person_16,Person_16_47.jpg,gallery
Person_16,Person_16_75.jpg,gallery
Person_16,Person_16_38.jpg,gallery
Person_16,Person_16_44.jpg,gallery
Person_16,Person_16_41.jpg,gallery
Person_16,Person_16_18.jpg,gallery
Person_16,Person_16_42.jpg,gallery
Person_16,Person_16_20.jpg,gallery
Person_16,Person_16_23.jpg,gallery
Person_16,Person_16_8.jpg,gallery
Person_16,Person_16_11.jpg,gallery
Person_16,Person_16_13.jpg,gallery
Person_16,Person_16_22.jpg,gallery
Person_16,Person_16_3.jpg,gallery
Person_16,Person_16_62.jpg,query
Person_16,Person_16_40.jpg,query
Person_16,Person_16_10.jpg,query
Person_16,Person_16_37.jpg,query
Person_16,Person_16_14.jpg,query
Person_16,Person_16_61.jpg,query
Person_16,Person_16_33.jpg,query
Person_16,Person_16_25.jpg,query
Person_16,Person_16_60.jpg,query
Person_16,Person_16_53.jpg,query
Person_16,Person_16_74.jpg,query
Person_16,Person_16_65.jpg,query
Person_16,Person_16_64.jpg,query
Person_16,Person_16_21.jpg,query
Person_16,Person_16_28.jpg,query
Person_16,Person_16_31.jpg,query
Person_16,Person_16_72.jpg,query
Person_16,Person_16_69.jpg,query
Person_16,Person_16_2.jpg,query
Person_16,Person_16_36.jpg,query
Person_16,Person_16_6.jpg,query
Person_16,Person_16_17.jpg,query
Person_16,Person_16_59.jpg,query
Person_16,Person_16_19.jpg,query
Person_16,Person_16_70.jpg,query
Person_16,Person_16_55.jpg,query
Person_16,Person_16_12.jpg,query
Person_16,Person_16_71.jpg,query
Person_16,Person_16_24.jpg,query
Person_16,Person_16_63.jpg,query
Person_16,Person_16_29.jpg,query
Person_16,Person_16_56.jpg,query
Person_16,Person_16_49.jpg,query
Person_16,Person_16_54.jpg,query
Person_17,Person_17_13.jpg,gallery
Person_17,Person_17_11.jpg,gallery
Person_17,Person_17_2.jpg,gallery
Person_17,Person_17_5.jpg,gallery
Person_17,Person_17_16.jpg,gallery
Person_17,Person_17_9.jpg,gallery
Person_17,Person_17_1.jpg,gallery
Person_17,Person_17_4.jpg,gallery
Person_17,Person_17_6.jpg,gallery
Person_17,Person_17_8.jpg,query
Person_17,Person_17_7.jpg,query
Person_17,Person_17_3.jpg,query
Person_17,Person_17_15.jpg,query
Person_17,Person_17_17.jpg,query
Person_17,Person_17_14.jpg,query
Person_17,Person_17_10.jpg,query
Person_17,Person_17_12.jpg,query
Person_18,Person_18_8.jpg,gallery
Person_18,Person_18_127.jpg,gallery
Person_18,Person_18_139.jpg,gallery
Person_18,Person_18_38.jpg,gallery
Person_18,Person_18_141.jpg,gallery
Person_18,Person_18_2.jpg,gallery
Person_18,Person_18_191.jpg,gallery
Person_18,Person_18_117.jpg,gallery
Person_18,Person_18_149.jpg,gallery
Person_18,Person_18_150.jpg,gallery
Person_18,Person_18_126.jpg,gallery
Person_18,Person_18_152.jpg,gallery
Person_18,Person_18_50.jpg,gallery
Person_18,Person_18_31.jpg,gallery
Person_18,Person_18_69.jpg,gallery
Person_18,Person_18_189.jpg,gallery
Person_18,Person_18_121.jpg,gallery
Person_18,Person_18_115.jpg,gallery
Person_18,Person_18_59.jpg,gallery
Person_18,Person_18_170.jpg,gallery
Person_18,Person_18_83.jpg,gallery
Person_18,Person_18_194.jpg,gallery
Person_18,Person_18_176.jpg,gallery
Person_18,Person_18_57.jpg,gallery
Person_18,Person_18_195.jpg,gallery
Person_18,Person_18_146.jpg,gallery
Person_18,Person_18_137.jpg,gallery
Person_18,Person_18_1.jpg,gallery
Person_18,Person_18_13.jpg,gallery
Person_18,Person_18_61.jpg,gallery
Person_18,Person_18_114.jpg,gallery
Person_18,Person_18_109.jpg,gallery
Person_18,Person_18_164.jpg,gallery
Person_18,Person_18_108.jpg,gallery
Person_18,Person_18_183.jpg,gallery
Person_18,Person_18_74.jpg,gallery
Person_18,Person_18_94.jpg,gallery
Person_18,Person_18_71.jpg,gallery
Person_18,Person_18_67.jpg,gallery
Person_18,Person_18_136.jpg,gallery
Person_18,Person_18_101.jpg,gallery
Person_18,Person_18_147.jpg,gallery
Person_18,Person_18_171.jpg,gallery
Person_18,Person_18_188.jpg,gallery
Person_18,Person_18_24.jpg,gallery
Person_18,Person_18_66.jpg,gallery
Person_18,Person_18_157.jpg,gallery
Person_18,Person_18_151.jpg,gallery
Person_18,Person_18_124.jpg,gallery
Person_18,Person_18_190.jpg,gallery
Person_18,Person_18_129.jpg,gallery
Person_18,Person_18_143.jpg,gallery
Person_18,Person_18_9.jpg,gallery
Person_18,Person_18_72.jpg,gallery
Person_18,Person_18_144.jpg,gallery
Person_18,Person_18_169.jpg,gallery
Person_18,Person_18_156.jpg,gallery
Person_18,Person_18_122.jpg,gallery
Person_18,Person_18_85.jpg,gallery
Person_18,Person_18_181.jpg,gallery
Person_18,Person_18_91.jpg,gallery
Person_18,Person_18_97.jpg,gallery
Person_18,Person_18_86.jpg,gallery
Person_18,Person_18_186.jpg,gallery
Person_18,Person_18_158.jpg,gallery
Person_18,Person_18_116.jpg,gallery
Person_18,Person_18_166.jpg,gallery
Person_18,Person_18_107.jpg,gallery
Person_18,Person_18_40.jpg,gallery
Person_18,Person_18_145.jpg,gallery
Person_18,Person_18_106.jpg,gallery
Person_18,Person_18_111.jpg,gallery
Person_18,Person_18_45.jpg,gallery
Person_18,Person_18_52.jpg,gallery
Person_18,Person_18_18.jpg,gallery
Person_18,Person_18_55.jpg,gallery
Person_18,Person_18_138.jpg,gallery
Person_18,Person_18_48.jpg,gallery
Person_18,Person_18_22.jpg,gallery
Person_18,Person_18_153.jpg,gallery
Person_18,Person_18_89.jpg,gallery
Person_18,Person_18_165.jpg,gallery
Person_18,Person_18_78.jpg,gallery
Person_18,Person_18_110.jpg,gallery
Person_18,Person_18_46.jpg,gallery
Person_18,Person_18_172.jpg,gallery
Person_18,Person_18_41.jpg,gallery
Person_18,Person_18_19.jpg,gallery
Person_18,Person_18_63.jpg,gallery
Person_18,Person_18_104.jpg,gallery
Person_18,Person_18_103.jpg,gallery
Person_18,Person_18_21.jpg,gallery
Person_18,Person_18_113.jpg,gallery
Person_18,Person_18_98.jpg,gallery
Person_18,Person_18_4.jpg,gallery
Person_18,Person_18_10.jpg,gallery
Person_18,Person_18_133.jpg,gallery
Person_18,Person_18_81.jpg,gallery
Person_18,Person_18_70.jpg,gallery
Person_18,Person_18_99.jpg,gallery
Person_18,Person_18_132.jpg,gallery
Person_18,Person_18_25.jpg,gallery
Person_18,Person_18_11.jpg,gallery
Person_18,Person_18_131.jpg,gallery
Person_18,Person_18_168.jpg,gallery
Person_18,Person_18_16.jpg,gallery
Person_18,Person_18_39.jpg,gallery
Person_18,Person_18_49.jpg,query
Person_18,Person_18_33.jpg,query
Person_18,Person_18_130.jpg,query
Person_18,Person_18_77.jpg,query
Person_18,Person_18_44.jpg,query
Person_18,Person_18_123.jpg,query
Person_18,Person_18_93.jpg,query
Person_18,Person_18_5.jpg,query
Person_18,Person_18_76.jpg,query
Person_18,Person_18_75.jpg,query
Person_18,Person_18_84.jpg,query
Person_18,Person_18_185.jpg,query
Person_18,Person_18_88.jpg,query
Person_18,Person_18_135.jpg,query
Person_18,Person_18_120.jpg,query
Person_18,Person_18_182.jpg,query
Person_18,Person_18_112.jpg,query
Person_18,Person_18_125.jpg,query
Person_18,Person_18_128.jpg,query
Person_18,Person_18_96.jpg,query
Person_18,Person_18_90.jpg,query
Person_18,Person_18_28.jpg,query
Person_18,Person_18_68.jpg,query
Person_18,Person_18_175.jpg,query
Person_18,Person_18_20.jpg,query
Person_18,Person_18_179.jpg,query
Person_18,Person_18_53.jpg,query
Person_18,Person_18_184.jpg,query
Person_18,Person_18_17.jpg,query
Person_18,Person_18_79.jpg,query
Person_18,Person_18_192.jpg,query
Person_18,Person_18_15.jpg,query
Person_18,Person_18_167.jpg,query
Person_18,Person_18_12.jpg,query
Person_18,Person_18_102.jpg,query
Person_18,Person_18_26.jpg,query
Person_18,Person_18_56.jpg,query
Person_18,Person_18_32.jpg,query
Person_18,Person_18_58.jpg,query
Person_18,Person_18_62.jpg,query
Person_18,Person_18_36.jpg,query
Person_18,Person_18_193.jpg,query
Person_18,Person_18_154.jpg,query
Person_18,Person_18_118.jpg,query
Person_18,Person_18_142.jpg,query
Person_18,Person_18_42.jpg,query
Person_18,Person_18_100.jpg,query
Person_18,Person_18_51.jpg,query
Person_18,Person_18_162.jpg,query
Person_18,Person_18_60.jpg,query
Person_18,Person_18_80.jpg,query
Person_18,Person_18_178.jpg,query
Person_18,Person_18_159.jpg,query
Person_18,Person_18_180.jpg,query
Person_18,Person_18_148.jpg,query
Person_18,Person_18_35.jpg,query
Person_18,Person_18_140.jpg,query
Person_18,Person_18_174.jpg,query
Person_18,Person_18_37.jpg,query
Person_18,Person_18_105.jpg,query
Person_18,Person_18_177.jpg,query
Person_18,Person_18_187.jpg,query
Person_18,Person_18_64.jpg,query
Person_18,Person_18_54.jpg,query
Person_18,Person_18_3.jpg,query
Person_18,Person_18_82.jpg,query
Person_18,Person_18_27.jpg,query
Person_18,Person_18_163.jpg,query
Person_18,Person_18_119.jpg,query
Person_18,Person_18_155.jpg,query
Person_18,Person_18_173.jpg,query
Person_18,Person_18_160.jpg,query
Person_18,Person_18_6.jpg,query
Person_18,Person_18_95.jpg,query
Person_18,Person_18_30.jpg,query
Person_18,Person_18_34.jpg,query
Person_18,Person_18_47.jpg,query
Person_18,Person_18_65.jpg,query
Person_18,Person_18_161.jpg,query
Person_18,Person_18_73.jpg,query
Person_18,Person_18_43.jpg,query
Person_18,Person_18_92.jpg,query
Person_18,Person_18_14.jpg,query
Person_18,Person_18_23.jpg,query
Person_18,Person_18_134.jpg,query
Person_18,Person_18_87.jpg,query
Person_18,Person_18_29.jpg,query
Person_18,Person_18_7.jpg,query
Person_19,Person_19_89.jpg,gallery
Person_19,Person_19_82.jpg,gallery
Person_19,Person_19_2.jpg,gallery
Person_19,Person_19_41.jpg,gallery
Person_19,Person_19_174.jpg,gallery
Person_19,Person_19_72.jpg,gallery
Person_19,Person_19_183.jpg,gallery
Person_19,Person_19_100.jpg,gallery
Person_19,Person_19_51.jpg,gallery
Person_19,Person_19_141.jpg,gallery
Person_19,Person_19_181.jpg,gallery
Person_19,Person_19_172.jpg,gallery
Person_19,Person_19_86.jpg,gallery
Person_19,Person_19_182.jpg,gallery
Person_19,Person_19_133.jpg,gallery
Person_19,Person_19_121.jpg,gallery
Person_19,Person_19_164.jpg,gallery
Person_19,Person_19_49.jpg,gallery
Person_19,Person_19_138.jpg,gallery
Person_19,Person_19_102.jpg,gallery
Person_19,Person_19_179.jpg,gallery
Person_19,Person_19_129.jpg,gallery
Person_19,Person_19_135.jpg,gallery
Person_19,Person_19_149.jpg,gallery
Person_19,Person_19_95.jpg,gallery
Person_19,Person_19_79.jpg,gallery
Person_19,Person_19_177.jpg,gallery
Person_19,Person_19_110.jpg,gallery
Person_19,Person_19_14.jpg,gallery
Person_19,Person_19_123.jpg,gallery
Person_19,Person_19_105.jpg,gallery
Person_19,Person_19_62.jpg,gallery
Person_19,Person_19_29.jpg,gallery
Person_19,Person_19_11.jpg,gallery
Person_19,Person_19_28.jpg,gallery
Person_19,Person_19_125.jpg,gallery
Person_19,Person_19_36.jpg,gallery
Person_19,Person_19_59.jpg,gallery
Person_19,Person_19_130.jpg,gallery
Person_19,Person_19_150.jpg,gallery
Person_19,Person_19_48.jpg,gallery
Person_19,Person_19_180.jpg,gallery
Person_19,Person_19_166.jpg,gallery
Person_19,Person_19_45.jpg,gallery
Person_19,Person_19_67.jpg,gallery
Person_19,Person_19_58.jpg,gallery
Person_19,Person_19_98.jpg,gallery
Person_19,Person_19_142.jpg,gallery
Person_19,Person_19_168.jpg,gallery
Person_19,Person_19_97.jpg,gallery
Person_19,Person_19_40.jpg,gallery
Person_19,Person_19_71.jpg,gallery
Person_19,Person_19_91.jpg,gallery
Person_19,Person_19_37.jpg,gallery
Person_19,Person_19_185.jpg,gallery
Person_19,Person_19_128.jpg,gallery
Person_19,Person_19_65.jpg,gallery
Person_19,Person_19_118.jpg,gallery
Person_19,Person_19_50.jpg,gallery
Person_19,Person_19_148.jpg,gallery
Person_19,Person_19_144.jpg,gallery
Person_19,Person_19_16.jpg,gallery
Person_19,Person_19_87.jpg,gallery
Person_19,Person_19_106.jpg,gallery
Person_19,Person_19_114.jpg,gallery
Person_19,Person_19_167.jpg,gallery
Person_19,Person_19_84.jpg,gallery
Person_19,Person_19_143.jpg,gallery
Person_19,Person_19_115.jpg,gallery
Person_19,Person_19_75.jpg,gallery
Person_19,Person_19_92.jpg,gallery
Person_19,Person_19_153.jpg,gallery
Person_19,Person_19_154.jpg,gallery
Person_19,Person_19_147.jpg,gallery
Person_19,Person_19_21.jpg,gallery
Person_19,Person_19_4.jpg,gallery
Person_19,Person_19_132.jpg,gallery
Person_19,Person_19_27.jpg,gallery
Person_19,Person_19_116.jpg,gallery
Person_19,Person_19_184.jpg,gallery
Person_19,Person_19_34.jpg,gallery
Person_19,Person_19_52.jpg,gallery
Person_19,Person_19_124.jpg,gallery
Person_19,Person_19_109.jpg,gallery
Person_19,Person_19_33.jpg,gallery
Person_19,Person_19_178.jpg,gallery
Person_19,Person_19_10.jpg,gallery
Person_19,Person_19_20.jpg,gallery
Person_19,Person_19_134.jpg,gallery
Person_19,Person_19_83.jpg,gallery
Person_19,Person_19_126.jpg,gallery
Person_19,Person_19_90.jpg,gallery
Person_19,Person_19_26.jpg,gallery
Person_19,Person_19_101.jpg,gallery
Person_19,Person_19_99.jpg,gallery
Person_19,Person_19_155.jpg,gallery
Person_19,Person_19_6.jpg,gallery
Person_19,Person_19_60.jpg,gallery
Person_19,Person_19_131.jpg,gallery
Person_19,Person_19_113.jpg,gallery
Person_19,Person_19_162.jpg,gallery
Person_19,Person_19_13.jpg,gallery
Person_19,Person_19_56.jpg,gallery
Person_19,Person_19_73.jpg,query
Person_19,Person_19_187.jpg,query
Person_19,Person_19_15.jpg,query
Person_19,Person_19_47.jpg,query
Person_19,Person_19_156.jpg,query
Person_19,Person_19_186.jpg,query
Person_19,Person_19_170.jpg,query
Person_19,Person_19_64.jpg,query
Person_19,Person_19_159.jpg,query
Person_19,Person_19_120.jpg,query
Person_19,Person_19_77.jpg,query
Person_19,Person_19_146.jpg,query
Person_19,Person_19_152.jpg,query
Person_19,Person_19_88.jpg,query
Person_19,Person_19_70.jpg,query
Person_19,Person_19_54.jpg,query
Person_19,Person_19_1.jpg,query
Person_19,Person_19_53.jpg,query
Person_19,Person_19_158.jpg,query
Person_19,Person_19_80.jpg,query
Person_19,Person_19_145.jpg,query
Person_19,Person_19_19.jpg,query
Person_19,Person_19_42.jpg,query
Person_19,Person_19_111.jpg,query
Person_19,Person_19_57.jpg,query
Person_19,Person_19_78.jpg,query
Person_19,Person_19_171.jpg,query
Person_19,Person_19_119.jpg,query
Person_19,Person_19_35.jpg,query
Person_19,Person_19_107.jpg,query
Person_19,Person_19_22.jpg,query
Person_19,Person_19_94.jpg,query
Person_19,Person_19_85.jpg,query
Person_19,Person_19_25.jpg,query
Person_19,Person_19_175.jpg,query
Person_19,Person_19_136.jpg,query
Person_19,Person_19_122.jpg,query
Person_19,Person_19_8.jpg,query
Person_19,Person_19_176.jpg,query
Person_19,Person_19_24.jpg,query
Person_19,Person_19_18.jpg,query
Person_19,Person_19_96.jpg,query
Person_19,Person_19_76.jpg,query
Person_19,Person_19_43.jpg,query
Person_19,Person_19_30.jpg,query
Person_19,Person_19_140.jpg,query
Person_19,Person_19_163.jpg,query
Person_19,Person_19_32.jpg,query
Person_19,Person_19_5.jpg,query
Person_19,Person_19_39.jpg,query
Person_19,Person_19_139.jpg,query
Person_19,Person_19_81.jpg,query
Person_19,Person_19_74.jpg,query
Person_19,Person_19_160.jpg,query
Person_19,Person_19_103.jpg,query
Person_19,Person_19_66.jpg,query
Person_19,Person_19_63.jpg,query
Person_19,Person_19_151.jpg,query
Person_19,Person_19_12.jpg,query
Person_19,Person_19_104.jpg,query
Person_19,Person_19_157.jpg,query
Person_19,Person_19_7.jpg,query
Person_19,Person_19_173.jpg,query
Person_19,Person_19_3.jpg,query
Person_19,Person_19_108.jpg,query
Person_19,Person_19_69.jpg,query
Person_19,Person_19_117.jpg,query
Person_19,Person_19_93.jpg,query
Person_19,Person_19_44.jpg,query
Person_19,Person_19_55.jpg,query
Person_19,Person_19_46.jpg,query
Person_19,Person_19_161.jpg,query
Person_19,Person_19_23.jpg,query
Person_19,Person_19_169.jpg,query
Person_19,Person_19_9.jpg,query
Person_19,Person_19_38.jpg,query
Person_19,Person_19_127.jpg,query
Person_19,Person_19_31.jpg,query
Person_19,Person_19_165.jpg,query
Person_19,Person_19_61.jpg,query
Person_19,Person_19_68.jpg,query
Person_19,Person_19_17.jpg,query
Person_19,Person_19_137.jpg,query
Person_19,Person_19_112.jpg,query
Person_2,Person_2_123.jpg,gallery
Person_2,Person_2_120.jpg,gallery
Person_2,Person_2_64.jpg,gallery
Person_2,Person_2_65.jpg,gallery
Person_2,Person_2_95.jpg,gallery
Person_2,Person_2_17.jpg,gallery
Person_2,Person_2_19.jpg,gallery
Person_2,Person_2_92.jpg,gallery
Person_2,Person_2_147.jpg,gallery
Person_2,Person_2_40.jpg,gallery
Person_2,Person_2_78.jpg,gallery
Person_2,Person_2_1.jpg,gallery
Person_2,Person_2_74.jpg,gallery
Person_2,Person_2_96.jpg,gallery
Person_2,Person_2_20.jpg,gallery
Person_2,Person_2_44.jpg,gallery
Person_2,Person_2_13.jpg,gallery
Person_2,Person_2_8.jpg,gallery
Person_2,Person_2_102.jpg,gallery
Person_2,Person_2_7.jpg,gallery
Person_2,Person_2_155.jpg,gallery
Person_2,Person_2_101.jpg,gallery
Person_2,Person_2_63.jpg,gallery
Person_2,Person_2_49.jpg,gallery
Person_2,Person_2_42.jpg,gallery
Person_2,Person_2_33.jpg,gallery
Person_2,Person_2_112.jpg,gallery
Person_2,Person_2_62.jpg,gallery
Person_2,Person_2_129.jpg,gallery
Person_2,Person_2_94.jpg,gallery
Person_2,Person_2_18.jpg,gallery
Person_2,Person_2_9.jpg,gallery
Person_2,Person_2_141.jpg,gallery
Person_2,Person_2_75.jpg,gallery
Person_2,Person_2_89.jpg,gallery
Person_2,Person_2_79.jpg,gallery
Person_2,Person_2_122.jpg,gallery
Person_2,Person_2_43.jpg,gallery
Person_2,Person_2_55.jpg,gallery
Person_2,Person_2_103.jpg,gallery
Person_2,Person_2_145.jpg,gallery
Person_2,Person_2_66.jpg,gallery
Person_2,Person_2_69.jpg,gallery
Person_2,Person_2_73.jpg,gallery
Person_2,Person_2_124.jpg,gallery
Person_2,Person_2_116.jpg,gallery
Person_2,Person_2_23.jpg,gallery
Person_2,Person_2_136.jpg,gallery
Person_2,Person_2_22.jpg,gallery
Person_2,Person_2_70.jpg,gallery
Person_2,Person_2_31.jpg,gallery
Person_2,Person_2_106.jpg,gallery
Person_2,Person_2_150.jpg,gallery
Person_2,Person_2_81.jpg,gallery
Person_2,Person_2_59.jpg,gallery
Person_2,Person_2_140.jpg,gallery
Person_2,Person_2_29.jpg,gallery
Person_2,Person_2_138.jpg,gallery
Person_2,Person_2_113.jpg,gallery
Person_2,Person_2_134.jpg,gallery
Person_2,Person_2_11.jpg,gallery
Person_2,Person_2_135.jpg,gallery
Person_2,Person_2_77.jpg,gallery
Person_2,Person_2_4.jpg,gallery
Person_2,Person_2_54.jpg,gallery
Person_2,Person_2_46.jpg,gallery
Person_2,Person_2_57.jpg,gallery
Person_2,Person_2_104.jpg,gallery
Person_2,Person_2_48.jpg,gallery
Person_2,Person_2_130.jpg,gallery
Person_2,Person_2_144.jpg,gallery
Person_2,Person_2_100.jpg,gallery
Person_2,Person_2_56.jpg,gallery
Person_2,Person_2_132.jpg,gallery
Person_2,Person_2_80.jpg,gallery
Person_2,Person_2_14.jpg,gallery
Person_2,Person_2_88.jpg,gallery
Person_2,Person_2_60.jpg,gallery
Person_2,Person_2_58.jpg,gallery
Person_2,Person_2_110.jpg,gallery
Person_2,Person_2_154.jpg,gallery
Person_2,Person_2_143.jpg,gallery
Person_2,Person_2_83.jpg,gallery
Person_2,Person_2_39.jpg,gallery
Person_2,Person_2_67.jpg,gallery
Person_2,Person_2_5.jpg,query
Person_2,Person_2_148.jpg,query
Person_2,Person_2_52.jpg,query
Person_2,Person_2_133.jpg,query
Person_2,Person_2_76.jpg,query
Person_2,Person_2_139.jpg,query
Person_2,Person_2_15.jpg,query
Person_2,Person_2_90.jpg,query
Person_2,Person_2_97.jpg,query
Person_2,Person_2_21.jpg,query
Person_2,Person_2_99.jpg,query
Person_2,Person_2_131.jpg,query
Person_2,Person_2_53.jpg,query
Person_2,Person_2_10.jpg,query
Person_2,Person_2_36.jpg,query
Person_2,Person_2_51.jpg,query
Person_2,Person_2_87.jpg,query
Person_2,Person_2_128.jpg,query
Person_2,Person_2_93.jpg,query
Person_2,Person_2_152.jpg,query
Person_2,Person_2_125.jpg,query
Person_2,Person_2_72.jpg,query
Person_2,Person_2_26.jpg,query
Person_2,Person_2_16.jpg,query
Person_2,Person_2_126.jpg,query
Person_2,Person_2_68.jpg,query
Person_2,Person_2_30.jpg,query
Person_2,Person_2_142.jpg,query
Person_2,Person_2_85.jpg,query
Person_2,Person_2_3.jpg,query
Person_2,Person_2_108.jpg,query
Person_2,Person_2_119.jpg,query
Person_2,Person_2_118.jpg,query
Person_2,Person_2_86.jpg,query
Person_2,Person_2_98.jpg,query
Person_2,Person_2_38.jpg,query
Person_2,Person_2_24.jpg,query
Person_2,Person_2_146.jpg,query
Person_2,Person_2_2.jpg,query
Person_2,Person_2_127.jpg,query
Person_2,Person_2_115.jpg,query
Person_2,Person_2_149.jpg,query
Person_2,Person_2_45.jpg,query
Person_2,Person_2_41.jpg,query
Person_2,Person_2_27.jpg,query
Person_2,Person_2_111.jpg,query
Person_2,Person_2_34.jpg,query
Person_2,Person_2_109.jpg,query
Person_2,Person_2_105.jpg,query
Person_2,Person_2_28.jpg,query
Person_2,Person_2_137.jpg,query
Person_2,Person_2_61.jpg,query
Person_2,Person_2_91.jpg,query
Person_2,Person_2_121.jpg,query
Person_2,Person_2_6.jpg,query
Person_2,Person_2_12.jpg,query
Person_2,Person_2_151.jpg,query
Person_2,Person_2_25.jpg,query
Person_2,Person_2_153.jpg,query
Person_2,Person_2_114.jpg,query
Person_2,Person_2_107.jpg,query
Person_2,Person_2_84.jpg,query
Person_2,Person_2_71.jpg,query
Person_2,Person_2_32.jpg,query
Person_2,Person_2_47.jpg,query
Person_2,Person_2_82.jpg,query
Person_2,Person_2_35.jpg,query
Person_2,Person_2_117.jpg,query
Person_2,Person_2_50.jpg,query
Person_2,Person_2_37.jpg,query
Person_20,Person_20_2.jpg,gallery
Person_20,Person_20_3.jpg,gallery
Person_20,Person_20_1.jpg,query
Person_21,Person_21_41.jpg,gallery
Person_21,Person_21_26.jpg,gallery
Person_21,Person_21_71.jpg,gallery
Person_21,Person_21_72.jpg,gallery
Person_21,Person_21_32.jpg,gallery
Person_21,Person_21_24.jpg,gallery
Person_21,Person_21_59.jpg,gallery
Person_21,Person_21_70.jpg,gallery
Person_21,Person_21_2.jpg,gallery
Person_21,Person_21_42.jpg,gallery
Person_21,Person_21_54.jpg,gallery
Person_21,Person_21_66.jpg,gallery
Person_21,Person_21_53.jpg,gallery
Person_21,Person_21_62.jpg,gallery
Person_21,Person_21_77.jpg,gallery
Person_21,Person_21_16.jpg,gallery
Person_21,Person_21_19.jpg,gallery
Person_21,Person_21_7.jpg,gallery
Person_21,Person_21_1.jpg,gallery
Person_21,Person_21_27.jpg,gallery
Person_21,Person_21_39.jpg,gallery
Person_21,Person_21_28.jpg,gallery
Person_21,Person_21_34.jpg,gallery
Person_21,Person_21_29.jpg,gallery
Person_21,Person_21_46.jpg,gallery
Person_21,Person_21_69.jpg,gallery
Person_21,Person_21_82.jpg,gallery
Person_21,Person_21_4.jpg,gallery
Person_21,Person_21_9.jpg,gallery
Person_21,Person_21_68.jpg,gallery
Person_21,Person_21_10.jpg,gallery
Person_21,Person_21_3.jpg,gallery
Person_21,Person_21_58.jpg,gallery
Person_21,Person_21_50.jpg,gallery
Person_21,Person_21_49.jpg,gallery
Person_21,Person_21_23.jpg,gallery
Person_21,Person_21_56.jpg,gallery
Person_21,Person_21_79.jpg,gallery
Person_21,Person_21_21.jpg,gallery
Person_21,Person_21_61.jpg,gallery
Person_21,Person_21_11.jpg,gallery
Person_21,Person_21_73.jpg,gallery
Person_21,Person_21_55.jpg,gallery
Person_21,Person_21_45.jpg,gallery
Person_21,Person_21_38.jpg,gallery
Person_21,Person_21_15.jpg,query
Person_21,Person_21_8.jpg,query
Person_21,Person_21_75.jpg,query
Person_21,Person_21_18.jpg,query
Person_21,Person_21_51.jpg,query
Person_21,Person_21_6.jpg,query
Person_21,Person_21_43.jpg,query
Person_21,Person_21_33.jpg,query
Person_21,Person_21_65.jpg,query
Person_21,Person_21_5.jpg,query
Person_21,Person_21_52.jpg,query
Person_21,Person_21_48.jpg,query
Person_21,Person_21_30.jpg,query
Person_21,Person_21_36.jpg,query
Person_21,Person_21_31.jpg,query
Person_21,Person_21_78.jpg,query
Person_21,Person_21_40.jpg,query
Person_21,Person_21_60.jpg,query
Person_21,Person_21_37.jpg,query
Person_21,Person_21_20.jpg,query
Person_21,Person_21_80.jpg,query
Person_21,Person_21_67.jpg,query
Person_21,Person_21_76.jpg,query
Person_21,Person_21_13.jpg,query
Person_21,Person_21_14.jpg,query
Person_21,Person_21_25.jpg,query
Person_21,Person_21_22.jpg,query
Person_21,Person_21_57.jpg,query
Person_21,Person_21_44.jpg,query
Person_21,Person_21_63.jpg,query
Person_21,Person_21_17.jpg,query
Person_21,Person_21_35.jpg,query
Person_21,Person_21_47.jpg,query
Person_21,Person_21_74.jpg,query
Person_21,Person_21_81.jpg,query
Person_21,Person_21_12.jpg,query
Person_21,Person_21_64.jpg,query
Person_22,Person_22_66.jpg,gallery
Person_22,Person_22_193.jpg,gallery
Person_22,Person_22_41.jpg,gallery
Person_22,Person_22_153.jpg,gallery
Person_22,Person_22_212.jpg,gallery
Person_22,Person_22_20.jpg,gallery
Person_22,Person_22_31.jpg,gallery
Person_22,Person_22_70.jpg,gallery
Person_22,Person_22_269.jpg,gallery
Person_22,Person_22_154.jpg,gallery
Person_22,Person_22_222.jpg,gallery
Person_22,Person_22_152.jpg,gallery
Person_22,Person_22_58.jpg,gallery
Person_22,Person_22_87.jpg,gallery
Person_22,Person_22_23.jpg,gallery
Person_22,Person_22_172.jpg,gallery
Person_22,Person_22_55.jpg,gallery
Person_22,Person_22_56.jpg,gallery
Person_22,Person_22_256.jpg,gallery
Person_22,Person_22_107.jpg,gallery
Person_22,Person_22_3.jpg,gallery
Person_22,Person_22_126.jpg,gallery
Person_22,Person_22_97.jpg,gallery
Person_22,Person_22_11.jpg,gallery
Person_22,Person_22_98.jpg,gallery
Person_22,Person_22_207.jpg,gallery
Person_22,Person_22_47.jpg,gallery
Person_22,Person_22_101.jpg,gallery
Person_22,Person_22_181.jpg,gallery
Person_22,Person_22_246.jpg,gallery
Person_22,Person_22_143.jpg,gallery
Person_22,Person_22_26.jpg,gallery
Person_22,Person_22_218.jpg,gallery
Person_22,Person_22_216.jpg,gallery
Person_22,Person_22_22.jpg,gallery
Person_22,Person_22_29.jpg,gallery
Person_22,Person_22_135.jpg,gallery
Person_22,Person_22_273.jpg,gallery
Person_22,Person_22_54.jpg,gallery
Person_22,Person_22_176.jpg,gallery
Person_22,Person_22_188.jpg,gallery
Person_22,Person_22_206.jpg,gallery
Person_22,Person_22_8.jpg,gallery
Person_22,Person_22_192.jpg,gallery
Person_22,Person_22_196.jpg,gallery
Person_22,Person_22_146.jpg,gallery
Person_22,Person_22_240.jpg,gallery
Person_22,Person_22_69.jpg,gallery
Person_22,Person_22_45.jpg,gallery
Person_22,Person_22_100.jpg,gallery
Person_22,Person_22_67.jpg,gallery
Person_22,Person_22_33.jpg,gallery
Person_22,Person_22_102.jpg,gallery
Person_22,Person_22_83.jpg,gallery
Person_22,Person_22_145.jpg,gallery
Person_22,Person_22_137.jpg,gallery
Person_22,Person_22_232.jpg,gallery
Person_22,Person_22_130.jpg,gallery
Person_22,Person_22_230.jpg,gallery
Person_22,Person_22_178.jpg,gallery
Person_22,Person_22_14.jpg,gallery
Person_22,Person_22_183.jpg,gallery
Person_22,Person_22_258.jpg,gallery
Person_22,Person_22_49.jpg,gallery
Person_22,Person_22_74.jpg,gallery
Person_22,Person_22_179.jpg,gallery
Person_22,Person_22_156.jpg,gallery
Person_22,Person_22_17.jpg,gallery
Person_22,Person_22_254.jpg,gallery
Person_22,Person_22_201.jpg,gallery
Person_22,Person_22_5.jpg,gallery
Person_22,Person_22_48.jpg,gallery
Person_22,Person_22_24.jpg,gallery
Person_22,Person_22_279.jpg,gallery
Person_22,Person_22_133.jpg,gallery
Person_22,Person_22_241.jpg,gallery
Person_22,Person_22_1.jpg,gallery
Person_22,Person_22_213.jpg,gallery
Person_22,Person_22_2.jpg,gallery
Person_22,Person_22_144.jpg,gallery
Person_22,Person_22_124.jpg,gallery
Person_22,Person_22_103.jpg,gallery
Person_22,Person_22_275.jpg,gallery
Person_22,Person_22_210.jpg,gallery
Person_22,Person_22_40.jpg,gallery
Person_22,Person_22_82.jpg,gallery
Person_22,Person_22_95.jpg,gallery
Person_22,Person_22_46.jpg,gallery
Person_22,Person_22_280.jpg,gallery
Person_22,Person_22_139.jpg,gallery
Person_22,Person_22_111.jpg,gallery
Person_22,Person_22_272.jpg,gallery
Person_22,Person_22_244.jpg,gallery
Person_22,Person_22_190.jpg,gallery
Person_22,Person_22_42.jpg,gallery
Person_22,Person_22_19.jpg,gallery
Person_22,Person_22_68.jpg,gallery
Person_22,Person_22_155.jpg,gallery
Person_22,Person_22_79.jpg,gallery
Person_22,Person_22_7.jpg,gallery
Person_22,Person_22_96.jpg,gallery
Person_22,Person_22_13.jpg,gallery
Person_22,Person_22_259.jpg,gallery
Person_22,Person_22_62.jpg,gallery
Person_22,Person_22_229.jpg,gallery
Person_22,Person_22_221.jpg,gallery
Person_22,Person_22_186.jpg,gallery
Person_22,Person_22_205.jpg,gallery
Person_22,Person_22_116.jpg,gallery
Person_22,Person_22_32.jpg,gallery
Person_22,Person_22_108.jpg,gallery
Person_22,Person_22_168.jpg,gallery
Person_22,Person_22_164.jpg,gallery
Person_22,Person_22_189.jpg,gallery
Person_22,Person_22_136.jpg,gallery
Person_22,Person_22_182.jpg,gallery
Person_22,Person_22_35.jpg,gallery
Person_22,Person_22_141.jpg,gallery
Person_22,Person_22_76.jpg,gallery
Person_22,Person_22_138.jpg,gallery
Person_22,Person_22_278.jpg,gallery
Person_22,Person_22_147.jpg,gallery
Person_22,Person_22_142.jpg,gallery
Person_22,Person_22_235.jpg,gallery
Person_22,Person_22_91.jpg,gallery
Person_22,Person_22_9.jpg,gallery
Person_22,Person_22_109.jpg,gallery
Person_22,Person_22_224.jpg,gallery
Person_22,Person_22_217.jpg,gallery
Person_22,Person_22_262.jpg,gallery
Person_22,Person_22_274.jpg,gallery
Person_22,Person_22_131.jpg,gallery
Person_22,Person_22_223.jpg,gallery
Person_22,Person_22_10.jpg,gallery
Person_22,Person_22_253.jpg,gallery
Person_22,Person_22_283.jpg,gallery
Person_22,Person_22_243.jpg,gallery
Person_22,Person_22_161.jpg,gallery
Person_22,Person_22_140.jpg,gallery
Person_22,Person_22_65.jpg,gallery
Person_22,Person_22_160.jpg,gallery
Person_22,Person_22_104.jpg,gallery
Person_22,Person_22_44.jpg,gallery
Person_22,Person_22_251.jpg,gallery
Person_22,Person_22_27.jpg,gallery
Person_22,Person_22_4.jpg,gallery
Person_22,Person_22_163.jpg,gallery
Person_22,Person_22_30.jpg,gallery
Person_22,Person_22_184.jpg,gallery
Person_22,Person_22_255.jpg,gallery
Person_22,Person_22_86.jpg,gallery
Person_22,Person_22_59.jpg,gallery
Person_22,Person_22_150.jpg,gallery
Person_22,Person_22_21.jpg,gallery
Person_22,Person_22_281.jpg,gallery
Person_22,Person_22_148.jpg,gallery
Person_22,Person_22_36.jpg,query
Person_22,Person_22_231.jpg,query
Person_22,Person_22_84.jpg,query
Person_22,Person_22_88.jpg,query
Person_22,Person_22_170.jpg,query
Person_22,Person_22_237.jpg,query
Person_22,Person_22_165.jpg,query
Person_22,Person_22_92.jpg,query
Person_22,Person_22_197.jpg,query
Person_22,Person_22_180.jpg,query
Person_22,Person_22_277.jpg,query
Person_22,Person_22_127.jpg,query
Person_22,Person_22_175.jpg,query
Person_22,Person_22_268.jpg,query
Person_22,Person_22_228.jpg,query
Person_22,Person_22_234.jpg,query
Person_22,Person_22_64.jpg,query
Person_22,Person_22_227.jpg,query
Person_22,Person_22_129.jpg,query
Person_22,Person_22_78.jpg,query
Person_22,Person_22_271.jpg,query
Person_22,Person_22_72.jpg,query
Person_22,Person_22_261.jpg,query
Person_22,Person_22_118.jpg,query
Person_22,Person_22_12.jpg,query
Person_22,Person_22_114.jpg,query
Person_22,Person_22_89.jpg,query
Person_22,Person_22_6.jpg,query
Person_22,Person_22_134.jpg,query
Person_22,Person_22_185.jpg,query
Person_22,Person_22_158.jpg,query
Person_22,Person_22_252.jpg,query
Person_22,Person_22_270.jpg,query
Person_22,Person_22_60.jpg,query
Person_22,Person_22_171.jpg,query
Person_22,Person_22_120.jpg,query
Person_22,Person_22_73.jpg,query
Person_22,Person_22_195.jpg,query
Person_22,Person_22_61.jpg,query
Person_22,Person_22_37.jpg,query
Person_22,Person_22_177.jpg,query
Person_22,Person_22_194.jpg,query
Person_22,Person_22_81.jpg,query
Person_22,Person_22_202.jpg,query
Person_22,Person_22_34.jpg,query
Person_22,Person_22_77.jpg,query
Person_22,Person_22_265.jpg,query
Person_22,Person_22_99.jpg,query
Person_22,Person_22_276.jpg,query
Person_22,Person_22_249.jpg,query
Person_22,Person_22_25.jpg,query
Person_22,Person_22_125.jpg,query
Person_22,Person_22_260.jpg,query
Person_22,Person_22_282.jpg,query
Person_22,Person_22_121.jpg,query
Person_22,Person_22_199.jpg,query
Person_22,Person_22_238.jpg,query
Person_22,Person_22_215.jpg,query
Person_22,Person_22_203.jpg,query
Person_22,Person_22_167.jpg,query
Person_22,Person_22_85.jpg,query
Person_22,Person_22_236.jpg,query
Person_22,Person_22_187.jpg,query
Person_22,Person_22_174.jpg,query
Person_22,Person_22_57.jpg,query
Person_22,Person_22_225.jpg,query
Person_22,Person_22_233.jpg,query
Person_22,Person_22_245.jpg,query
Person_22,Person_22_242.jpg,query
Person_22,Person_22_162.jpg,query
Person_22,Person_22_80.jpg,query
Person_22,Person_22_113.jpg,query
Person_22,Person_22_132.jpg,query
Person_22,Person_22_239.jpg,query
Person_22,Person_22_173.jpg,query
Person_22,Person_22_117.jpg,query
Person_22,Person_22_51.jpg,query
Person_22,Person_22_115.jpg,query
Person_22,Person_22_75.jpg,query
Person_22,Person_22_71.jpg,query
Person_22,Person_22_263.jpg,query
Person_22,Person_22_211.jpg,query
Person_22,Person_22_123.jpg,query
Person_22,Person_22_257.jpg,query
Person_22,Person_22_198.jpg,query
Person_22,Person_22_191.jpg,query
Person_22,Person_22_39.jpg,query
Person_22,Person_22_209.jpg,query
Person_22,Person_22_112.jpg,query
Person_22,Person_22_90.jpg,query
Person_22,Person_22_247.jpg,query
Person_22,Person_22_204.jpg,query
Person_22,Person_22_169.jpg,query
Person_22,Person_22_219.jpg,query
Person_22,Person_22_250.jpg,query
Person_22,Person_22_43.jpg,query
Person_22,Person_22_53.jpg,query
Person_22,Person_22_28.jpg,query
Person_22,Person_22_267.jpg,query
Person_22,Person_22_119.jpg,query
Person_22,Person_22_200.jpg,query
Person_22,Person_22_52.jpg,query
Person_22,Person_22_149.jpg,query
Person_22,Person_22_266.jpg,query
Person_22,Person_22_50.jpg,query
Person_22,Person_22_63.jpg,query
Person_22,Person_22_128.jpg,query
Person_22,Person_22_151.jpg,query
Person_22,Person_22_38.jpg,query
Person_22,Person_22_157.jpg,query
Person_22,Person_22_122.jpg,query
Person_22,Person_22_220.jpg,query
Person_22,Person_22_94.jpg,query
Person_22,Person_22_106.jpg,query
Person_22,Person_22_248.jpg,query
Person_22,Person_22_208.jpg,query
Person_22,Person_22_264.jpg,query
Person_22,Person_22_105.jpg,query
Person_22,Person_22_16.jpg,query
Person_22,Person_22_110.jpg,query
Person_22,Person_22_15.jpg,query
Person_22,Person_22_18.jpg,query
Person_22,Person_22_214.jpg,query
Person_22,Person_22_93.jpg,query
Person_22,Person_22_159.jpg,query
Person_22,Person_22_166.jpg,query
Person_22,Person_22_226.jpg,query
Person_23,Person_23_1.jpg,gallery
Person_24,Person_24_39.jpg,gallery
Person_24,Person_24_16.jpg,gallery
Person_24,Person_24_27.jpg,gallery
Person_24,Person_24_1.jpg,gallery
Person_24,Person_24_25.jpg,gallery
Person_24,Person_24_8.jpg,gallery
Person_24,Person_24_12.jpg,gallery
Person_24,Person_24_15.jpg,gallery
Person_24,Person_24_33.jpg,gallery
Person_24,Person_24_3.jpg,gallery
Person_24,Person_24_19.jpg,gallery
Person_24,Person_24_37.jpg,gallery
Person_24,Person_24_45.jpg,gallery
Person_24,Person_24_21.jpg,gallery
Person_24,Person_24_14.jpg,gallery
Person_24,Person_24_29.jpg,gallery
Person_24,Person_24_30.jpg,gallery
Person_24,Person_24_31.jpg,gallery
Person_24,Person_24_6.jpg,gallery
Person_24,Person_24_34.jpg,gallery
Person_24,Person_24_11.jpg,gallery
Person_24,Person_24_9.jpg,gallery
Person_24,Person_24_49.jpg,gallery
Person_24,Person_24_10.jpg,gallery
Person_24,Person_24_26.jpg,gallery
Person_24,Person_24_17.jpg,gallery
Person_24,Person_24_32.jpg,gallery
Person_24,Person_24_4.jpg,query
Person_24,Person_24_40.jpg,query
Person_24,Person_24_22.jpg,query
Person_24,Person_24_23.jpg,query
Person_24,Person_24_48.jpg,query
Person_24,Person_24_43.jpg,query
Person_24,Person_24_5.jpg,query
Person_24,Person_24_41.jpg,query
Person_24,Person_24_28.jpg,query
Person_24,Person_24_35.jpg,query
Person_24,Person_24_42.jpg,query
Person_24,Person_24_36.jpg,query
Person_24,Person_24_38.jpg,query
Person_24,Person_24_46.jpg,query
Person_24,Person_24_7.jpg,query
Person_24,Person_24_13.jpg,query
Person_24,Person_24_47.jpg,query
Person_24,Person_24_18.jpg,query
Person_24,Person_24_44.jpg,query
Person_24,Person_24_2.jpg,query
Person_24,Person_24_20.jpg,query
Person_24,Person_24_24.jpg,query
Person_25,Person_25_15.jpg,gallery
Person_25,Person_25_5.jpg,gallery
Person_25,Person_25_18.jpg,gallery
Person_25,Person_25_8.jpg,gallery
Person_25,Person_25_12.jpg,gallery
Person_25,Person_25_3.jpg,gallery
Person_25,Person_25_9.jpg,gallery
Person_25,Person_25_6.jpg,gallery
Person_25,Person_25_11.jpg,gallery
Person_25,Person_25_17.jpg,gallery
Person_25,Person_25_4.jpg,query
Person_25,Person_25_14.jpg,query
Person_25,Person_25_10.jpg,query
Person_25,Person_25_16.jpg,query
Person_25,Person_25_1.jpg,query
Person_25,Person_25_13.jpg,query
Person_25,Person_25_7.jpg,query
Person_25,Person_25_2.jpg,query
Person_26,Person_26_10.jpg,gallery
Person_26,Person_26_119.jpg,gallery
Person_26,Person_26_17.jpg,gallery
Person_26,Person_26_110.jpg,gallery
Person_26,Person_26_7.jpg,gallery
Person_26,Person_26_103.jpg,gallery
Person_26,Person_26_1.jpg,gallery
Person_26,Person_26_43.jpg,gallery
Person_26,Person_26_117.jpg,gallery
Person_26,Person_26_87.jpg,gallery
Person_26,Person_26_101.jpg,gallery
Person_26,Person_26_93.jpg,gallery
Person_26,Person_26_36.jpg,gallery
Person_26,Person_26_41.jpg,gallery
Person_26,Person_26_30.jpg,gallery
Person_26,Person_26_83.jpg,gallery
Person_26,Person_26_16.jpg,gallery
Person_26,Person_26_75.jpg,gallery
Person_26,Person_26_5.jpg,gallery
Person_26,Person_26_18.jpg,gallery
Person_26,Person_26_26.jpg,gallery
Person_26,Person_26_4.jpg,gallery
Person_26,Person_26_40.jpg,gallery
Person_26,Person_26_60.jpg,gallery
Person_26,Person_26_21.jpg,gallery
Person_26,Person_26_114.jpg,gallery
Person_26,Person_26_105.jpg,gallery
Person_26,Person_26_48.jpg,gallery
Person_26,Person_26_121.jpg,gallery
Person_26,Person_26_94.jpg,gallery
Person_26,Person_26_55.jpg,gallery
Person_26,Person_26_42.jpg,gallery
Person_26,Person_26_23.jpg,gallery
Person_26,Person_26_112.jpg,gallery
Person_26,Person_26_58.jpg,gallery
Person_26,Person_26_13.jpg,gallery
Person_26,Person_26_38.jpg,gallery
Person_26,Person_26_15.jpg,gallery
Person_26,Person_26_27.jpg,gallery
Person_26,Person_26_52.jpg,gallery
Person_26,Person_26_72.jpg,gallery
Person_26,Person_26_63.jpg,gallery
Person_26,Person_26_44.jpg,gallery
Person_26,Person_26_47.jpg,gallery
Person_26,Person_26_24.jpg,gallery
Person_26,Person_26_45.jpg,gallery
Person_26,Person_26_51.jpg,gallery
Person_26,Person_26_118.jpg,gallery
Person_26,Person_26_76.jpg,gallery
Person_26,Person_26_53.jpg,gallery
Person_26,Person_26_2.jpg,gallery
Person_26,Person_26_98.jpg,gallery
Person_26,Person_26_20.jpg,gallery
Person_26,Person_26_80.jpg,gallery
Person_26,Person_26_79.jpg,gallery
Person_26,Person_26_9.jpg,gallery
Person_26,Person_26_67.jpg,gallery
Person_26,Person_26_56.jpg,gallery
Person_26,Person_26_70.jpg,gallery
Person_26,Person_26_102.jpg,gallery
Person_26,Person_26_107.jpg,gallery
Person_26,Person_26_85.jpg,gallery
Person_26,Person_26_111.jpg,gallery
Person_26,Person_26_120.jpg,gallery
Person_26,Person_26_46.jpg,gallery
Person_26,Person_26_92.jpg,gallery
Person_26,Person_26_14.jpg,gallery
Person_26,Person_26_12.jpg,query
Person_26,Person_26_88.jpg,query
Person_26,Person_26_61.jpg,query
Person_26,Person_26_100.jpg,query
Person_26,Person_26_99.jpg,query
Person_26,Person_26_49.jpg,query
Person_26,Person_26_39.jpg,query
Person_26,Person_26_109.jpg,query
Person_26,Person_26_50.jpg,query
Person_26,Person_26_89.jpg,query
Person_26,Person_26_74.jpg,query
Person_26,Person_26_33.jpg,query
Person_26,Person_26_82.jpg,query
Person_26,Person_26_69.jpg,query
Person_26,Person_26_78.jpg,query
Person_26,Person_26_90.jpg,query
Person_26,Person_26_113.jpg,query
Person_26,Person_26_35.jpg,query
Person_26,Person_26_71.jpg,query
Person_26,Person_26_65.jpg,query
Person_26,Person_26_25.jpg,query
Person_26,Person_26_3.jpg,query
Person_26,Person_26_115.jpg,query
Person_26,Person_26_77.jpg,query
Person_26,Person_26_57.jpg,query
Person_26,Person_26_108.jpg,query
Person_26,Person_26_84.jpg,query
Person_26,Person_26_116.jpg,query
Person_26,Person_26_6.jpg,query
Person_26,Person_26_66.jpg,query
Person_26,Person_26_73.jpg,query
Person_26,Person_26_19.jpg,query
Person_26,Person_26_97.jpg,query
Person_26,Person_26_95.jpg,query
Person_26,Person_26_91.jpg,query
Person_26,Person_26_54.jpg,query
Person_26,Person_26_11.jpg,query
Person_26,Person_26_86.jpg,query
Person_26,Person_26_106.jpg,query
Person_26,Person_26_28.jpg,query
Person_26,Person_26_64.jpg,query
Person_26,Person_26_62.jpg,query
Person_26,Person_26_81.jpg,query
Person_26,Person_26_104.jpg,query
Person_26,Person_26_59.jpg,query
Person_26,Person_26_68.jpg,query
Person_26,Person_26_29.jpg,query
Person_26,Person_26_8.jpg,query
Person_26,Person_26_37.jpg,query
Person_26,Person_26_34.jpg,query
Person_26,Person_26_22.jpg,query
Person_26,Person_26_96.jpg,query
Person_26,Person_26_32.jpg,query
Person_26,Person_26_31.jpg,query
Person_27,Person_27_2.jpg,gallery
Person_27,Person_27_4.jpg,gallery
Person_27,Person_27_7.jpg,gallery
Person_27,Person_27_3.jpg,gallery
Person_27,Person_27_1.jpg,query
Person_27,Person_27_5.jpg,query
Person_27,Person_27_6.jpg,query
Person_3,Person_3_9.jpg,gallery
Person_3,Person_3_2.jpg,gallery
Person_3,Person_3_7.jpg,gallery
Person_3,Person_3_1.jpg,gallery
Person_3,Person_3_6.jpg,gallery
Person_3,Person_3_12.jpg,gallery
Person_3,Person_3_8.jpg,gallery
Person_3,Person_3_10.jpg,query
Person_3,Person_3_3.jpg,query
Person_3,Person_3_11.jpg,query
Person_3,Person_3_5.jpg,query
Person_3,Person_3_4.jpg,query
Person_3,Person_3_13.jpg,query
Person_4,Person_4_101.jpg,gallery
Person_4,Person_4_125.jpg,gallery
Person_4,Person_4_163.jpg,gallery
Person_4,Person_4_168.jpg,gallery
Person_4,Person_4_88.jpg,gallery
Person_4,Person_4_148.jpg,gallery
Person_4,Person_4_99.jpg,gallery
Person_4,Person_4_3.jpg,gallery
Person_4,Person_4_111.jpg,gallery
Person_4,Person_4_170.jpg,gallery
Person_4,Person_4_91.jpg,gallery
Person_4,Person_4_82.jpg,gallery
Person_4,Person_4_85.jpg,gallery
Person_4,Person_4_122.jpg,gallery
Person_4,Person_4_16.jpg,gallery
Person_4,Person_4_52.jpg,gallery
Person_4,Person_4_136.jpg,gallery
Person_4,Person_4_61.jpg,gallery
Person_4,Person_4_8.jpg,gallery
Person_4,Person_4_72.jpg,gallery
Person_4,Person_4_167.jpg,gallery
Person_4,Person_4_48.jpg,gallery
Person_4,Person_4_73.jpg,gallery
Person_4,Person_4_79.jpg,gallery
Person_4,Person_4_174.jpg,gallery
Person_4,Person_4_181.jpg,gallery
Person_4,Person_4_26.jpg,gallery
Person_4,Person_4_160.jpg,gallery
Person_4,Person_4_147.jpg,gallery
Person_4,Person_4_24.jpg,gallery
Person_4,Person_4_92.jpg,gallery
Person_4,Person_4_34.jpg,gallery
Person_4,Person_4_69.jpg,gallery
Person_4,Person_4_32.jpg,gallery
Person_4,Person_4_179.jpg,gallery
Person_4,Person_4_108.jpg,gallery
Person_4,Person_4_142.jpg,gallery
Person_4,Person_4_60.jpg,gallery
Person_4,Person_4_116.jpg,gallery
Person_4,Person_4_187.jpg,gallery
Person_4,Person_4_156.jpg,gallery
Person_4,Person_4_157.jpg,gallery
Person_4,Person_4_164.jpg,gallery
Person_4,Person_4_78.jpg,gallery
Person_4,Person_4_115.jpg,gallery
Person_4,Person_4_162.jpg,gallery
Person_4,Person_4_35.jpg,gallery
Person_4,Person_4_74.jpg,gallery
Person_4,Person_4_53.jpg,gallery
Person_4,Person_4_146.jpg,gallery
Person_4,Person_4_123.jpg,gallery
Person_4,Person_4_140.jpg,gallery
Person_4,Person_4_80.jpg,gallery
Person_4,Person_4_39.jpg,gallery
Person_4,Person_4_71.jpg,gallery
Person_4,Person_4_129.jpg,gallery
Person_4,Person_4_159.jpg,gallery
Person_4,Person_4_29.jpg,gallery
Person_4,Person_4_17.jpg,gallery
Person_4,Person_4_62.jpg,gallery
Person_4,Person_4_66.jpg,gallery
Person_4,Person_4_6.jpg,gallery
Person_4,Person_4_155.jpg,gallery
Person_4,Person_4_191.jpg,gallery
Person_4,Person_4_38.jpg,gallery
Person_4,Person_4_15.jpg,gallery
Person_4,Person_4_145.jpg,gallery
Person_4,Person_4_89.jpg,gallery
Person_4,Person_4_37.jpg,gallery
Person_4,Person_4_112.jpg,gallery
Person_4,Person_4_13.jpg,gallery
Person_4,Person_4_63.jpg,gallery
Person_4,Person_4_104.jpg,gallery
Person_4,Person_4_193.jpg,gallery
Person_4,Person_4_55.jpg,gallery
Person_4,Person_4_120.jpg,gallery
Person_4,Person_4_70.jpg,gallery
Person_4,Person_4_36.jpg,gallery
Person_4,Person_4_68.jpg,gallery
Person_4,Person_4_192.jpg,gallery
Person_4,Person_4_144.jpg,gallery
Person_4,Person_4_76.jpg,gallery
Person_4,Person_4_134.jpg,gallery
Person_4,Person_4_135.jpg,gallery
Person_4,Person_4_177.jpg,gallery
Person_4,Person_4_25.jpg,gallery
Person_4,Person_4_2.jpg,gallery
Person_4,Person_4_9.jpg,gallery
Person_4,Person_4_87.jpg,gallery
Person_4,Person_4_58.jpg,gallery
Person_4,Person_4_151.jpg,gallery
Person_4,Person_4_31.jpg,gallery
Person_4,Person_4_5.jpg,gallery
Person_4,Person_4_12.jpg,gallery
Person_4,Person_4_27.jpg,gallery
Person_4,Person_4_50.jpg,gallery
Person_4,Person_4_18.jpg,gallery
Person_4,Person_4_152.jpg,gallery
Person_4,Person_4_178.jpg,gallery
Person_4,Person_4_57.jpg,gallery
Person_4,Person_4_119.jpg,gallery
Person_4,Person_4_173.jpg,gallery
Person_4,Person_4_138.jpg,gallery
Person_4,Person_4_161.jpg,gallery
Person_4,Person_4_98.jpg,gallery
Person_4,Person_4_42.jpg,gallery
Person_4,Person_4_45.jpg,query
Person_4,Person_4_137.jpg,query
Person_4,Person_4_186.jpg,query
Person_4,Person_4_184.jpg,query
Person_4,Person_4_54.jpg,query
Person_4,Person_4_95.jpg,query
Person_4,Person_4_110.jpg,query
Person_4,Person_4_171.jpg,query
Person_4,Person_4_175.jpg,query
Person_4,Person_4_183.jpg,query
Person_4,Person_4_126.jpg,query
Person_4,Person_4_139.jpg,query
Person_4,Person_4_106.jpg,query
Person_4,Person_4_19.jpg,query
Person_4,Person_4_14.jpg,query
Person_4,Person_4_100.jpg,query
Person_4,Person_4_93.jpg,query
Person_4,Person_4_128.jpg,query
Person_4,Person_4_59.jpg,query
Person_4,Person_4_143.jpg,query
Person_4,Person_4_90.jpg,query
Person_4,Person_4_109.jpg,query
Person_4,Person_4_81.jpg,query
Person_4,Person_4_189.jpg,query
Person_4,Person_4_103.jpg,query
Person_4,Person_4_44.jpg,query
Person_4,Person_4_41.jpg,query
Person_4,Person_4_114.jpg,query
Person_4,Person_4_182.jpg,query
Person_4,Person_4_46.jpg,query
Person_4,Person_4_118.jpg,query
Person_4,Person_4_141.jpg,query
Person_4,Person_4_20.jpg,query
Person_4,Person_4_56.jpg,query
Person_4,Person_4_180.jpg,query
Person_4,Person_4_1.jpg,query
Person_4,Person_4_23.jpg,query
Person_4,Person_4_166.jpg,query
Person_4,Person_4_131.jpg,query
Person_4,Person_4_64.jpg,query
Person_4,Person_4_43.jpg,query
Person_4,Person_4_77.jpg,query
Person_4,Person_4_49.jpg,query
Person_4,Person_4_4.jpg,query
Person_4,Person_4_7.jpg,query
Person_4,Person_4_113.jpg,query
Person_4,Person_4_30.jpg,query
Person_4,Person_4_21.jpg,query
Person_4,Person_4_154.jpg,query
Person_4,Person_4_11.jpg,query
Person_4,Person_4_127.jpg,query
Person_4,Person_4_169.jpg,query
Person_4,Person_4_96.jpg,query
Person_4,Person_4_84.jpg,query
Person_4,Person_4_124.jpg,query
Person_4,Person_4_22.jpg,query
Person_4,Person_4_47.jpg,query
Person_4,Person_4_65.jpg,query
Person_4,Person_4_51.jpg,query
Person_4,Person_4_133.jpg,query
Person_4,Person_4_149.jpg,query
Person_4,Person_4_158.jpg,query
Person_4,Person_4_102.jpg,query
Person_4,Person_4_94.jpg,query
Person_4,Person_4_10.jpg,query
Person_4,Person_4_67.jpg,query
Person_4,Person_4_28.jpg,query
Person_4,Person_4_83.jpg,query
Person_4,Person_4_86.jpg,query
Person_4,Person_4_33.jpg,query
Person_4,Person_4_165.jpg,query
Person_4,Person_4_107.jpg,query
Person_4,Person_4_130.jpg,query
Person_4,Person_4_132.jpg,query
Person_4,Person_4_176.jpg,query
Person_4,Person_4_75.jpg,query
Person_4,Person_4_121.jpg,query
Person_4,Person_4_172.jpg,query
Person_4,Person_4_105.jpg,query
Person_4,Person_4_150.jpg,query
Person_4,Person_4_97.jpg,query
Person_4,Person_4_117.jpg,query
Person_4,Person_4_188.jpg,query
Person_4,Person_4_153.jpg,query
Person_4,Person_4_185.jpg,query
Person_4,Person_4_40.jpg,query
Person_4,Person_4_190.jpg,query
Person_5,Person_5_20.jpg,gallery
Person_5,Person_5_36.jpg,gallery
Person_5,Person_5_1.jpg,gallery
Person_5,Person_5_51.jpg,gallery
Person_5,Person_5_9.jpg,gallery
Person_5,Person_5_45.jpg,gallery
Person_5,Person_5_26.jpg,gallery
Person_5,Person_5_21.jpg,gallery
Person_5,Person_5_47.jpg,gallery
Person_5,Person_5_29.jpg,gallery
Person_5,Person_5_19.jpg,gallery
Person_5,Person_5_41.jpg,gallery
Person_5,Person_5_48.jpg,gallery
Person_5,Person_5_40.jpg,gallery
Person_5,Person_5_24.jpg,gallery
Person_5,Person_5_14.jpg,gallery
Person_5,Person_5_33.jpg,gallery
Person_5,Person_5_11.jpg,gallery
Person_5,Person_5_50.jpg,gallery
Person_5,Person_5_12.jpg,gallery
Person_5,Person_5_46.jpg,gallery
Person_5,Person_5_43.jpg,gallery
Person_5,Person_5_34.jpg,gallery
Person_5,Person_5_8.jpg,gallery
Person_5,Person_5_27.jpg,gallery
Person_5,Person_5_15.jpg,gallery
Person_5,Person_5_22.jpg,gallery
Person_5,Person_5_3.jpg,gallery
Person_5,Person_5_37.jpg,gallery
Person_5,Person_5_39.jpg,query
Person_5,Person_5_7.jpg,query
Person_5,Person_5_5.jpg,query
Person_5,Person_5_31.jpg,query
Person_5,Person_5_38.jpg,query
Person_5,Person_5_2.jpg,query
Person_5,Person_5_10.jpg,query
Person_5,Person_5_16.jpg,query
Person_5,Person_5_23.jpg,query
Person_5,Person_5_25.jpg,query
Person_5,Person_5_28.jpg,query
Person_5,Person_5_32.jpg,query
Person_5,Person_5_52.jpg,query
Person_5,Person_5_4.jpg,query
Person_5,Person_5_17.jpg,query
Person_5,Person_5_42.jpg,query
Person_5,Person_5_13.jpg,query
Person_5,Person_5_6.jpg,query
Person_5,Person_5_53.jpg,query
Person_5,Person_5_30.jpg,query
Person_5,Person_5_35.jpg,query
Person_5,Person_5_49.jpg,query
Person_5,Person_5_18.jpg,query
Person_5,Person_5_44.jpg,query
Person_6,Person_6_11.jpg,gallery
Person_6,Person_6_18.jpg,gallery
Person_6,Person_6_3.jpg,gallery
Person_6,Person_6_9.jpg,gallery
Person_6,Person_6_10.jpg,gallery
Person_6,Person_6_4.jpg,gallery
Person_6,Person_6_8.jpg,gallery
Person_6,Person_6_21.jpg,gallery
Person_6,Person_6_19.jpg,gallery
Person_6,Person_6_17.jpg,gallery
Person_6,Person_6_14.jpg,gallery
Person_6,Person_6_1.jpg,gallery
Person_6,Person_6_7.jpg,query
Person_6,Person_6_20.jpg,query
Person_6,Person_6_6.jpg,query
Person_6,Person_6_13.jpg,query
Person_6,Person_6_15.jpg,query
Person_6,Person_6_12.jpg,query
Person_6,Person_6_16.jpg,query
Person_6,Person_6_5.jpg,query
Person_6,Person_6_2.jpg,query
Person_7,Person_7_20.jpg,gallery
Person_7,Person_7_8.jpg,gallery
Person_7,Person_7_12.jpg,gallery
Person_7,Person_7_9.jpg,gallery
Person_7,Person_7_3.jpg,gallery
Person_7,Person_7_16.jpg,gallery
Person_7,Person_7_27.jpg,gallery
Person_7,Person_7_18.jpg,gallery
Person_7,Person_7_23.jpg,gallery
Person_7,Person_7_31.jpg,gallery
Person_7,Person_7_21.jpg,gallery
Person_7,Person_7_10.jpg,gallery
Person_7,Person_7_1.jpg,gallery
Person_7,Person_7_17.jpg,gallery
Person_7,Person_7_15.jpg,gallery
Person_7,Person_7_4.jpg,gallery
Person_7,Person_7_14.jpg,gallery
Person_7,Person_7_25.jpg,gallery
Person_7,Person_7_34.jpg,gallery
Person_7,Person_7_2.jpg,query
Person_7,Person_7_24.jpg,query
Person_7,Person_7_29.jpg,query
Person_7,Person_7_30.jpg,query
Person_7,Person_7_22.jpg,query
Person_7,Person_7_35.jpg,query
Person_7,Person_7_28.jpg,query
Person_7,Person_7_19.jpg,query
Person_7,Person_7_13.jpg,query
Person_7,Person_7_11.jpg,query
Person_7,Person_7_26.jpg,query
Person_7,Person_7_6.jpg,query
Person_7,Person_7_7.jpg,query
Person_7,Person_7_33.jpg,query
Person_7,Person_7_5.jpg,query
Person_7,Person_7_32.jpg,query
Person_8,Person_8_98.jpg,gallery
Person_8,Person_8_52.jpg,gallery
Person_8,Person_8_59.jpg,gallery
Person_8,Person_8_6.jpg,gallery
Person_8,Person_8_142.jpg,gallery
Person_8,Person_8_102.jpg,gallery
Person_8,Person_8_97.jpg,gallery
Person_8,Person_8_131.jpg,gallery
Person_8,Person_8_86.jpg,gallery
Person_8,Person_8_61.jpg,gallery
Person_8,Person_8_44.jpg,gallery
Person_8,Person_8_17.jpg,gallery
Person_8,Person_8_96.jpg,gallery
Person_8,Person_8_124.jpg,gallery
Person_8,Person_8_118.jpg,gallery
Person_8,Person_8_140.jpg,gallery
Person_8,Person_8_130.jpg,gallery
Person_8,Person_8_48.jpg,gallery
Person_8,Person_8_111.jpg,gallery
Person_8,Person_8_89.jpg,gallery
Person_8,Person_8_146.jpg,gallery
Person_8,Person_8_100.jpg,gallery
Person_8,Person_8_65.jpg,gallery
Person_8,Person_8_53.jpg,gallery
Person_8,Person_8_92.jpg,gallery
Person_8,Person_8_43.jpg,gallery
Person_8,Person_8_114.jpg,gallery
Person_8,Person_8_27.jpg,gallery
Person_8,Person_8_137.jpg,gallery
Person_8,Person_8_34.jpg,gallery
Person_8,Person_8_72.jpg,gallery
Person_8,Person_8_129.jpg,gallery
Person_8,Person_8_16.jpg,gallery
Person_8,Person_8_91.jpg,gallery
Person_8,Person_8_64.jpg,gallery
Person_8,Person_8_106.jpg,gallery
Person_8,Person_8_123.jpg,gallery
Person_8,Person_8_79.jpg,gallery
Person_8,Person_8_1.jpg,gallery
Person_8,Person_8_38.jpg,gallery
Person_8,Person_8_14.jpg,gallery
Person_8,Person_8_76.jpg,gallery
Person_8,Person_8_82.jpg,gallery
Person_8,Person_8_62.jpg,gallery
Person_8,Person_8_51.jpg,gallery
Person_8,Person_8_35.jpg,gallery
Person_8,Person_8_87.jpg,gallery
Person_8,Person_8_75.jpg,gallery
Person_8,Person_8_119.jpg,gallery
Person_8,Person_8_32.jpg,gallery
Person_8,Person_8_81.jpg,gallery
Person_8,Person_8_77.jpg,gallery
Person_8,Person_8_55.jpg,gallery
Person_8,Person_8_23.jpg,gallery
Person_8,Person_8_121.jpg,gallery
Person_8,Person_8_103.jpg,gallery
Person_8,Person_8_10.jpg,gallery
Person_8,Person_8_21.jpg,gallery
Person_8,Person_8_116.jpg,gallery
Person_8,Person_8_57.jpg,gallery
Person_8,Person_8_71.jpg,gallery
Person_8,Person_8_125.jpg,gallery
Person_8,Person_8_94.jpg,gallery
Person_8,Person_8_74.jpg,gallery
Person_8,Person_8_29.jpg,gallery
Person_8,Person_8_120.jpg,gallery
Person_8,Person_8_73.jpg,gallery
Person_8,Person_8_136.jpg,gallery
Person_8,Person_8_58.jpg,gallery
Person_8,Person_8_36.jpg,gallery
Person_8,Person_8_8.jpg,gallery
Person_8,Person_8_143.jpg,gallery
Person_8,Person_8_70.jpg,gallery
Person_8,Person_8_104.jpg,gallery
Person_8,Person_8_11.jpg,gallery
Person_8,Person_8_50.jpg,gallery
Person_8,Person_8_67.jpg,gallery
Person_8,Person_8_19.jpg,gallery
Person_8,Person_8_13.jpg,gallery
Person_8,Person_8_112.jpg,gallery
Person_8,Person_8_54.jpg,query
Person_8,Person_8_126.jpg,query
Person_8,Person_8_49.jpg,query
Person_8,Person_8_110.jpg,query
Person_8,Person_8_31.jpg,query
Person_8,Person_8_26.jpg,query
Person_8,Person_8_141.jpg,query
Person_8,Person_8_113.jpg,query
Person_8,Person_8_63.jpg,query
Person_8,Person_8_139.jpg,query
Person_8,Person_8_5.jpg,query
Person_8,Person_8_135.jpg,query
Person_8,Person_8_115.jpg,query
Person_8,Person_8_93.jpg,query
Person_8,Person_8_88.jpg,query
Person_8,Person_8_80.jpg,query
Person_8,Person_8_20.jpg,query
Person_8,Person_8_68.jpg,query
Person_8,Person_8_78.jpg,query
Person_8,Person_8_18.jpg,query
Person_8,Person_8_84.jpg,query
Person_8,Person_8_85.jpg,query
Person_8,Person_8_47.jpg,query
Person_8,Person_8_107.jpg,query
Person_8,Person_8_2.jpg,query
Person_8,Person_8_69.jpg,query
Person_8,Person_8_145.jpg,query
Person_8,Person_8_46.jpg,query
Person_8,Person_8_66.jpg,query
Person_8,Person_8_60.jpg,query
Person_8,Person_8_127.jpg,query
Person_8,Person_8_22.jpg,query
Person_8,Person_8_133.jpg,query
Person_8,Person_8_41.jpg,query
Person_8,Person_8_132.jpg,query
Person_8,Person_8_3.jpg,query
Person_8,Person_8_4.jpg,query
Person_8,Person_8_7.jpg,query
Person_8,Person_8_24.jpg,query
Person_8,Person_8_101.jpg,query
Person_8,Person_8_40.jpg,query
Person_8,Person_8_39.jpg,query
Person_8,Person_8_15.jpg,query
Person_8,Person_8_33.jpg,query
Person_8,Person_8_56.jpg,query
Person_8,Person_8_122.jpg,query
Person_8,Person_8_42.jpg,query
Person_8,Person_8_28.jpg,query
Person_8,Person_8_109.jpg,query
Person_8,Person_8_99.jpg,query
Person_8,Person_8_105.jpg,query
Person_8,Person_8_108.jpg,query
Person_8,Person_8_45.jpg,query
Person_8,Person_8_9.jpg,query
Person_8,Person_8_134.jpg,query
Person_8,Person_8_138.jpg,query
Person_8,Person_8_83.jpg,query
Person_8,Person_8_12.jpg,query
Person_8,Person_8_90.jpg,query
Person_8,Person_8_37.jpg,query
Person_8,Person_8_128.jpg,query
Person_8,Person_8_30.jpg,query
Person_8,Person_8_95.jpg,query
Person_8,Person_8_144.jpg,query
Person_8,Person_8_25.jpg,query
Person_8,Person_8_117.jpg,query
Person_9,Person_9_2.jpg,gallery
Person_9,Person_9_3.jpg,gallery
Person_9,Person_9_1.jpg,query
