identity_id,gender,age_range,gallery,query,total
Person_1,Male,31-40,3,3,6
Person_2,Female,31-40,85,70,155
Person_3,Male,21-30,7,6,13
Person_4,Male,31-40,106,87,193
Person_5,Female,21-30,29,24,53
Person_6,Female,31-40,12,9,21
Person_7,Male,21-30,19,16,35
Person_8,Male,31-40,80,66,146
Person_9,Female,41-45,2,1,3
Person_10,Female,31-40,4,4,8
Person_11,Male,21-30,3,2,5
Person_12,Male,31-40,140,114,254
Person_13,Female,21-30,90,73,163
Person_14,Female,21-30,121,99,220
Person_15,Female,41-45,15,12,27
Person_16,Male,21-30,41,34,75
Person_17,Female,21-30,9,8,17
Person_18,Male,21-30,107,88,195
Person_19,Male,31-40,103,84,187
Person_20,Male,21-30,2,1,3
Person_21,Female,21-30,45,37,82
Person_22,Female,21-30,156,127,283
Person_23,Male,31-40,1,0,1
Person_24,Female,31-40,27,22,49
Person_25,Female,21-30,10,8,18
Person_26,Female,31-40,67,54,121
Person_27,Female,31-40,4,3,7
