Filename,Predicted,Expected,Score,Match
Person_01_0001.jpg,Person_01,Person_01,0.74062824,True
Person_01_0002.jpg,Person_12,Person_01,0.44688356,False
Person_01_0003.jpg,Person_09,Person_01,0.4787152,False
Person_02_0001.jpg,Person_02,Person_02,0.6057507,True
Person_02_0002.jpg,Person_02,Person_02,0.58630764,True
Person_02_0004.jpg,Person_02,Person_02,0.49240184,True
Person_02_0006.jpg,Person_02,Person_02,0.59141624,True
Person_02_0007.jpg,Person_02,Person_02,0.73076427,True
Person_02_0008.jpg,Person_02,Person_02,0.53805995,True
Person_02_0009.jpg,Person_14,Person_02,0.5322509,False
Person_02_0010.jpg,Person_02,Person_02,0.57374954,True
Person_02_0011.jpg,Person_02,Person_02,0.59808445,True
Person_02_0012.jpg,Person_02,Person_02,0.5363163,True
Person_02_0013.jpg,Person_13,Person_02,0.55410707,False
Person_02_0014.jpg,Person_02,Person_02,0.5705619,True
Person_02_0015.jpg,Person_02,Person_02,0.5796473,True
Person_02_0016.jpg,Person_14,Person_02,0.6593826,False
Person_02_0017.jpg,Person_02,Person_02,0.68852603,True
Person_02_0018.jpg,Person_02,Person_02,0.63686216,True
Person_02_0019.jpg,Person_02,Person_02,0.74203837,True
Person_02_0020.jpg,Person_20,Person_02,0.55663764,False
Person_02_0021.jpg,Person_14,Person_02,0.6139825,False
Person_02_0022.jpg,Person_06,Person_02,0.58608925,False
Person_02_0023.jpg,Person_02,Person_02,0.56929505,True
Person_02_0025.jpg,Person_02,Person_02,0.7040211,True
Person_02_0026.jpg,Person_22,Person_02,0.55427206,False
Person_02_0027.jpg,Person_02,Person_02,0.66643894,True
Person_02_0028.jpg,Person_14,Person_02,0.53712964,False
Person_02_0030.jpg,Person_02,Person_02,0.5974386,True
Person_02_0031.jpg,Person_02,Person_02,0.52390254,True
Person_02_0034.jpg,Person_02,Person_02,0.5985901,True
Person_02_0035.jpg,Person_02,Person_02,0.66730857,True
Person_02_0036.jpg,Person_02,Person_02,0.57415116,True
Person_02_0037.jpg,Person_22,Person_02,0.58466274,False
Person_02_0038.jpg,Person_02,Person_02,0.56206053,True
Person_02_0039.jpg,Person_02,Person_02,0.7121049,True
Person_02_0040.jpg,Person_02,Person_02,0.61276793,True
Person_02_0041.jpg,Person_02,Person_02,0.6075532,True
Person_02_0043.jpg,Person_02,Person_02,0.6022834,True
Person_02_0044.jpg,Person_02,Person_02,0.59830433,True
Person_02_0045.jpg,Person_02,Person_02,0.7033547,True
Person_03_0001.jpg,Person_03,Person_03,0.60107905,True
Person_03_0003.jpg,Person_03,Person_03,0.46717468,True
Person_03_0004.jpg,Person_03,Person_03,0.5244893,True
Person_03_0005.jpg,Person_14,Person_03,0.599749,False
Person_03_0006.jpg,Person_01,Person_03,0.5986842,False
Person_03_0007.jpg,Person_12,Person_03,0.5577655,False
Person_03_0008.jpg,Person_03,Person_03,0.5986767,True
Person_03_0009.jpg,Person_12,Person_03,0.5697139,False
Person_04_0001.jpg,Person_04,Person_04,0.6166016,True
Person_04_0002.jpg,Person_20,Person_04,0.64294183,False
Person_04_0003.jpg,Person_04,Person_04,0.5801615,True
Person_04_0004.jpg,Person_04,Person_04,0.61918426,True
Person_04_0005.jpg,Person_04,Person_04,0.8038313,True
Person_04_0006.jpg,Person_04,Person_04,0.6952173,True
Person_04_0007.jpg,Person_04,Person_04,0.65247256,True
Person_04_0008.jpg,Person_14,Person_04,0.61774945,False
Person_04_0009.jpg,Person_04,Person_04,0.60605294,True
Person_04_0011.jpg,Person_04,Person_04,0.58178705,True
Person_04_0012.jpg,Person_20,Person_04,0.5509231,False
Person_04_0013.jpg,Person_04,Person_04,0.5075339,True
Person_04_0014.jpg,Person_04,Person_04,0.5531137,True
Person_04_0015.jpg,Person_04,Person_04,0.5978698,True
Person_04_0016.jpg,Person_04,Person_04,0.6305841,True
Person_04_0017.jpg,Person_04,Person_04,0.5390309,True
Person_04_0018.jpg,Person_04,Person_04,0.4707924,True
Person_04_0019.jpg,Person_04,Person_04,0.5678655,True
Person_04_0020.jpg,Person_04,Person_04,0.5964097,True
Person_04_0021.jpg,Person_04,Person_04,0.68122727,True
Person_04_0022.jpg,Person_04,Person_04,0.6593187,True
Person_04_0023.jpg,Person_04,Person_04,0.66390496,True
Person_04_0024.jpg,Person_04,Person_04,0.72173476,True
Person_04_0026.jpg,Person_20,Person_04,0.51501584,False
Person_04_0027.jpg,Person_04,Person_04,0.64656836,True
Person_04_0028.jpg,Person_04,Person_04,0.60506606,True
Person_04_0029.jpg,Person_04,Person_04,0.62624913,True
Person_04_0030.jpg,Person_04,Person_04,0.53029215,True
Person_04_0032.jpg,Person_04,Person_04,0.44501126,True
Person_04_0033.jpg,Person_04,Person_04,0.66346276,True
Person_04_0034.jpg,Person_04,Person_04,0.59939605,True
Person_04_0035.jpg,Person_04,Person_04,0.64339167,True
Person_04_0036.jpg,Person_04,Person_04,0.58664393,True
Person_04_0037.jpg,Person_04,Person_04,0.5890597,True
Person_04_0038.jpg,Person_04,Person_04,0.49711102,True
Person_04_0039.jpg,Person_19,Person_04,0.47815913,False
Person_04_0040.jpg,Person_04,Person_04,0.47977334,True
Person_04_0041.jpg,Person_04,Person_04,0.6829045,True
Person_04_0043.jpg,Person_04,Person_04,0.7058569,True
Person_04_0044.jpg,Person_04,Person_04,0.66053736,True
Person_04_0046.jpg,Person_04,Person_04,0.62453973,True
Person_04_0047.jpg,Person_04,Person_04,0.63875616,True
Person_04_0048.jpg,Person_04,Person_04,0.72274363,True
Person_04_0049.jpg,Person_04,Person_04,0.6553178,True
Person_04_0050.jpg,Person_04,Person_04,0.5989869,True
Person_04_0051.jpg,Person_04,Person_04,0.6013097,True
Person_04_0052.jpg,Person_04,Person_04,0.5177585,True
Person_04_0055.jpg,Person_04,Person_04,0.5976149,True
Person_04_0056.jpg,Person_04,Person_04,0.665826,True
Person_04_0057.jpg,Person_04,Person_04,0.67159253,True
Person_04_0058.jpg,Person_19,Person_04,0.52267724,False
Person_04_0060.jpg,Person_04,Person_04,0.68270266,True
Person_04_0061.jpg,Person_04,Person_04,0.57334816,True
Person_04_0063.jpg,Person_04,Person_04,0.60682607,True
Person_04_0064.jpg,Person_04,Person_04,0.5157435,True
Person_04_0065.jpg,Person_19,Person_04,0.48290616,False
Person_05_0001.jpg,Person_05,Person_05,0.5418387,True
Person_05_0002.jpg,Person_05,Person_05,0.55364966,True
Person_05_0003.jpg,Person_05,Person_05,0.6832098,True
Person_05_0004.jpg,Person_05,Person_05,0.528373,True
Person_05_0005.jpg,Person_05,Person_05,0.52625126,True
Person_05_0006.jpg,Person_02,Person_05,0.48327237,False
Person_05_0007.jpg,Person_05,Person_05,0.44419348,True
Person_05_0008.jpg,Person_05,Person_05,0.620593,True
Person_05_0009.jpg,Person_17,Person_05,0.49605614,False
Person_05_0010.jpg,Person_05,Person_05,0.529403,True
Person_05_0011.jpg,Person_05,Person_05,0.55368257,True
Person_05_0012.jpg,Person_22,Person_05,0.46264547,False
Person_05_0013.jpg,Person_13,Person_05,0.4725107,False
Person_05_0014.jpg,Person_13,Person_05,0.4784938,False
Person_05_0015.jpg,Person_10,Person_05,0.46660477,False
Person_05_0016.jpg,Person_07,Person_05,0.5139181,False
Person_05_0017.jpg,Person_24,Person_05,0.48012233,False
Person_05_0018.jpg,Person_14,Person_05,0.55238545,False
Person_05_0019.jpg,Person_05,Person_05,0.6400493,True
Person_05_0020.jpg,Person_05,Person_05,0.6464881,True
Person_05_0021.jpg,Person_18,Person_05,0.5663784,False
Person_05_0022.jpg,Person_13,Person_05,0.5004346,False
Person_05_0023.jpg,Person_05,Person_05,0.64071035,True
Person_05_0024.jpg,Person_05,Person_05,0.5687346,True
Person_05_0025.jpg,Person_05,Person_05,0.5168789,True
Person_06_0001.jpg,Person_06,Person_06,0.55465555,True
Person_06_0002.jpg,Person_06,Person_06,0.5275872,True
Person_06_0003.jpg,Person_06,Person_06,0.67434925,True
Person_06_0004.jpg,Person_22,Person_06,0.5173234,False
Person_06_0005.jpg,Person_06,Person_06,0.6876234,True
Person_06_0006.jpg,Person_05,Person_06,0.50016886,False
Person_06_0007.jpg,Person_13,Person_06,0.5867317,False
Person_06_0008.jpg,Person_06,Person_06,0.5708124,True
Person_06_0009.jpg,Person_06,Person_06,0.6566469,True
Person_07_0002.jpg,Person_09,Person_07,0.4982326,False
Person_07_0003.jpg,Person_07,Person_07,0.47930205,True
Person_07_0004.jpg,Person_04,Person_07,0.46833828,False
Person_08_0001.jpg,Person_21,Person_08,0.59089684,False
Person_08_0002.jpg,Person_09,Person_08,0.5056965,False
Person_09_0001.jpg,Person_02,Person_09,0.6466423,False
Person_09_0002.jpg,Person_09,Person_09,0.6554048,True
Person_09_0003.jpg,Person_09,Person_09,0.7678268,True
Person_09_0004.jpg,Person_09,Person_09,0.7435917,True
Person_09_0005.jpg,Person_09,Person_09,0.6802406,True
Person_09_0006.jpg,Person_09,Person_09,0.7120088,True
Person_09_0007.jpg,Person_09,Person_09,0.7214965,True
Person_09_0010.jpg,Person_09,Person_09,0.56579494,True
Person_09_0011.jpg,Person_09,Person_09,0.7220979,True
Person_09_0012.jpg,Person_09,Person_09,0.55783397,True
Person_09_0013.jpg,Person_09,Person_09,0.69469136,True
Person_09_0014.jpg,Person_09,Person_09,0.586113,True
Person_09_0015.jpg,Person_21,Person_09,0.63532,False
Person_09_0016.jpg,Person_14,Person_09,0.68044394,False
Person_09_0017.jpg,Person_09,Person_09,0.6966368,True
Person_09_0018.jpg,Person_09,Person_09,0.6984422,True
Person_09_0020.jpg,Person_09,Person_09,0.60447073,True
Person_09_0021.jpg,Person_09,Person_09,0.6232755,True
Person_09_0023.jpg,Person_09,Person_09,0.6875919,True
Person_09_0024.jpg,Person_09,Person_09,0.5793498,True
Person_09_0025.jpg,Person_09,Person_09,0.6330031,True
Person_09_0026.jpg,Person_09,Person_09,0.6399378,True
Person_09_0027.jpg,Person_09,Person_09,0.67306733,True
Person_09_0028.jpg,Person_09,Person_09,0.72295016,True
Person_09_0029.jpg,Person_09,Person_09,0.68032193,True
Person_09_0030.jpg,Person_09,Person_09,0.6599085,True
Person_09_0031.jpg,Person_09,Person_09,0.71047616,True
Person_09_0032.jpg,Person_09,Person_09,0.68185186,True
Person_09_0033.jpg,Person_09,Person_09,0.6557846,True
Person_09_0034.jpg,Person_09,Person_09,0.6417417,True
Person_09_0035.jpg,Person_09,Person_09,0.7050882,True
Person_09_0036.jpg,Person_09,Person_09,0.697646,True
Person_09_0037.jpg,Person_09,Person_09,0.72996855,True
Person_09_0038.jpg,Person_09,Person_09,0.6760495,True
Person_09_0039.jpg,Person_09,Person_09,0.62478375,True
Person_09_0040.jpg,Person_09,Person_09,0.66971165,True
Person_09_0041.jpg,Person_09,Person_09,0.63983315,True
Person_09_0043.jpg,Person_04,Person_09,0.69429696,False
Person_09_0044.jpg,Person_09,Person_09,0.698651,True
Person_09_0045.jpg,Person_09,Person_09,0.73076415,True
Person_09_0046.jpg,Person_09,Person_09,0.6889315,True
Person_09_0047.jpg,Person_09,Person_09,0.5664482,True
Person_09_0048.jpg,Person_09,Person_09,0.64549696,True
Person_09_0049.jpg,Person_09,Person_09,0.66089416,True
Person_09_0050.jpg,Person_09,Person_09,0.5424885,True
Person_09_0051.jpg,Person_09,Person_09,0.693608,True
Person_09_0053.jpg,Person_09,Person_09,0.66597694,True
Person_09_0054.jpg,Person_09,Person_09,0.69242847,True
Person_09_0055.jpg,Person_09,Person_09,0.64571,True
Person_09_0056.jpg,Person_09,Person_09,0.63399756,True
Person_09_0057.jpg,Person_09,Person_09,0.6788115,True
Person_09_0058.jpg,Person_09,Person_09,0.7083658,True
Person_09_0059.jpg,Person_09,Person_09,0.56520677,True
Person_09_0060.jpg,Person_09,Person_09,0.67058265,True
Person_09_0061.jpg,Person_09,Person_09,0.6068425,True
Person_09_0062.jpg,Person_09,Person_09,0.62430644,True
Person_09_0063.jpg,Person_09,Person_09,0.59766084,True
Person_09_0064.jpg,Person_09,Person_09,0.69215095,True
Person_09_0065.jpg,Person_09,Person_09,0.6438663,True
Person_09_0066.jpg,Person_09,Person_09,0.6124707,True
Person_09_0067.jpg,Person_09,Person_09,0.67699635,True
Person_09_0069.jpg,Person_09,Person_09,0.57570446,True
Person_09_0070.jpg,Person_09,Person_09,0.55043936,True
Person_09_0072.jpg,Person_09,Person_09,0.6300769,True
Person_09_0073.jpg,Person_09,Person_09,0.57798517,True
Person_09_0074.jpg,Person_09,Person_09,0.68103117,True
Person_09_0075.jpg,Person_09,Person_09,0.6909761,True
Person_09_0076.jpg,Person_09,Person_09,0.69197786,True
Person_09_0081.jpg,Person_09,Person_09,0.68804395,True
Person_09_0082.jpg,Person_10,Person_09,0.5624522,False
Person_09_0083.jpg,Person_09,Person_09,0.6413406,True
Person_09_0084.jpg,Person_09,Person_09,0.68420774,True
Person_09_0085.jpg,Person_09,Person_09,0.6135061,True
Person_09_0086.jpg,Person_09,Person_09,0.67048156,True
Person_09_0087.jpg,Person_09,Person_09,0.61414725,True
Person_09_0089.jpg,Person_09,Person_09,0.5805734,True
Person_09_0090.jpg,Person_09,Person_09,0.74105734,True
Person_09_0091.jpg,Person_09,Person_09,0.73876035,True
Person_09_0092.jpg,Person_09,Person_09,0.71071994,True
Person_09_0093.jpg,Person_09,Person_09,0.66024476,True
Person_09_0094.jpg,Person_09,Person_09,0.59804434,True
Person_09_0095.jpg,Person_09,Person_09,0.647624,True
Person_09_0096.jpg,Person_09,Person_09,0.57735765,True
Person_09_0097.jpg,Person_09,Person_09,0.56468475,True
Person_09_0098.jpg,Person_09,Person_09,0.6409888,True
Person_09_0099.jpg,Person_09,Person_09,0.6846101,True
Person_09_0100.jpg,Person_09,Person_09,0.62637216,True
Person_09_0101.jpg,Person_09,Person_09,0.63710225,True
Person_09_0102.jpg,Person_09,Person_09,0.63251346,True
Person_09_0103.jpg,Person_09,Person_09,0.62134516,True
Person_09_0104.jpg,Person_14,Person_09,0.48374593,False
Person_10_0001.jpg,Person_10,Person_10,0.57850933,True
Person_10_0002.jpg,Person_21,Person_10,0.61136293,False
Person_10_0003.jpg,Person_10,Person_10,0.63474035,True
Person_10_0006.jpg,Person_10,Person_10,0.5820352,True
Person_10_0008.jpg,Person_22,Person_10,0.49625072,False
Person_10_0009.jpg,Person_10,Person_10,0.47622502,True
Person_10_0010.jpg,Person_14,Person_10,0.5415811,False
Person_11_0001.jpg,Person_13,Person_11,0.6042175,False
Person_11_0003.jpg,Person_04,Person_11,0.7017083,False
Person_12_0001.jpg,Person_09,Person_12,0.4841896,False
Person_12_0002.jpg,Person_12,Person_12,0.5233803,True
Person_12_0003.jpg,Person_12,Person_12,0.59470636,True
Person_12_0006.jpg,Person_12,Person_12,0.62585056,True
Person_12_0007.jpg,Person_21,Person_12,0.61480606,False
Person_12_0008.jpg,Person_12,Person_12,0.6800036,True
Person_12_0009.jpg,Person_09,Person_12,0.6020314,False
Person_12_0010.jpg,Person_24,Person_12,0.5534008,False
Person_12_0012.jpg,Person_12,Person_12,0.62098396,True
Person_12_0013.jpg,Person_12,Person_12,0.6240506,True
Person_12_0014.jpg,Person_22,Person_12,0.48593515,False
Person_12_0015.jpg,Person_09,Person_12,0.5837692,False
Person_12_0016.jpg,Person_14,Person_12,0.658497,False
Person_12_0019.jpg,Person_12,Person_12,0.6410372,True
Person_12_0020.jpg,Person_09,Person_12,0.51355237,False
Person_12_0021.jpg,Person_12,Person_12,0.56885576,True
Person_12_0022.jpg,Person_12,Person_12,0.56524956,True
Person_12_0023.jpg,Person_12,Person_12,0.64203465,True
Person_12_0025.jpg,Person_21,Person_12,0.5082523,False
Person_12_0026.jpg,Person_12,Person_12,0.53381395,True
Person_12_0027.jpg,Person_12,Person_12,0.56567544,True
Person_12_0028.jpg,Person_12,Person_12,0.5686704,True
Person_12_0029.jpg,Person_12,Person_12,0.56382006,True
Person_12_0030.jpg,Person_12,Person_12,0.49477157,True
Person_12_0035.jpg,Person_22,Person_12,0.46639395,False
Person_12_0036.jpg,Person_12,Person_12,0.5105629,True
Person_12_0037.jpg,Person_09,Person_12,0.5641036,False
Person_12_0038.jpg,Person_12,Person_12,0.4727026,True
Person_12_0039.jpg,Person_12,Person_12,0.5809635,True
Person_12_0040.jpg,Person_12,Person_12,0.51600707,True
Person_12_0041.jpg,Person_09,Person_12,0.5697186,False
Person_12_0042.jpg,Person_09,Person_12,0.546407,False
Person_12_0043.jpg,Person_14,Person_12,0.496077,False
Person_12_0044.jpg,Person_12,Person_12,0.5247812,True
Person_12_0046.jpg,Person_12,Person_12,0.46150044,True
Person_12_0047.jpg,Person_12,Person_12,0.59822154,True
Person_12_0048.jpg,Person_12,Person_12,0.5641289,True
Person_12_0049.jpg,Person_12,Person_12,0.6395973,True
Person_12_0050.jpg,Person_20,Person_12,0.6014589,False
Person_12_0051.jpg,Person_12,Person_12,0.6575103,True
Person_12_0052.jpg,Person_12,Person_12,0.6692214,True
Person_12_0053.jpg,Person_12,Person_12,0.6505427,True
Person_12_0054.jpg,Person_12,Person_12,0.5348022,True
Person_13_0001.jpg,Person_13,Person_13,0.70522237,True
Person_13_0002.jpg,Person_13,Person_13,0.714406,True
Person_13_0003.jpg,Person_13,Person_13,0.6136632,True
Person_13_0004.jpg,Person_13,Person_13,0.6891271,True
Person_13_0005.jpg,Person_13,Person_13,0.6792809,True
Person_13_0006.jpg,Person_13,Person_13,0.67365295,True
Person_13_0007.jpg,Person_13,Person_13,0.7236031,True
Person_13_0008.jpg,Person_13,Person_13,0.6423192,True
Person_13_0009.jpg,Person_13,Person_13,0.7572647,True
Person_13_0010.jpg,Person_13,Person_13,0.6141392,True
Person_13_0011.jpg,Person_13,Person_13,0.7646297,True
Person_13_0012.jpg,Person_13,Person_13,0.6766059,True
Person_13_0013.jpg,Person_13,Person_13,0.65479386,True
Person_13_0014.jpg,Person_13,Person_13,0.6904326,True
Person_13_0015.jpg,Person_13,Person_13,0.7322833,True
Person_13_0016.jpg,Person_02,Person_13,0.5089351,False
Person_13_0017.jpg,Person_13,Person_13,0.7553984,True
Person_13_0018.jpg,Person_13,Person_13,0.7071149,True
Person_13_0019.jpg,Person_13,Person_13,0.754278,True
Person_13_0020.jpg,Person_13,Person_13,0.50037044,True
Person_13_0021.jpg,Person_13,Person_13,0.53660053,True
Person_13_0022.jpg,Person_13,Person_13,0.5010169,True
Person_14_0003.jpg,Person_14,Person_14,0.69985455,True
Person_14_0004.jpg,Person_14,Person_14,0.70916724,True
Person_14_0005.jpg,Person_14,Person_14,0.6541716,True
Person_14_0007.jpg,Person_14,Person_14,0.6165582,True
Person_14_0009.jpg,Person_14,Person_14,0.73274034,True
Person_14_0010.jpg,Person_14,Person_14,0.7588929,True
Person_14_0011.jpg,Person_14,Person_14,0.62541676,True
Person_14_0012.jpg,Person_14,Person_14,0.67668545,True
Person_14_0013.jpg,Person_14,Person_14,0.72169155,True
Person_14_0014.jpg,Person_14,Person_14,0.6744305,True
Person_14_0023.jpg,Person_14,Person_14,0.6188432,True
Person_14_0024.jpg,Person_14,Person_14,0.7246715,True
Person_14_0025.jpg,Person_14,Person_14,0.7103206,True
Person_14_0026.jpg,Person_14,Person_14,0.60224915,True
Person_14_0027.jpg,Person_14,Person_14,0.7018658,True
Person_14_0028.jpg,Person_14,Person_14,0.7549814,True
Person_14_0029.jpg,Person_14,Person_14,0.56198394,True
Person_14_0030.jpg,Person_14,Person_14,0.5863453,True
Person_14_0031.jpg,Person_14,Person_14,0.60902476,True
Person_14_0032.jpg,Person_14,Person_14,0.569386,True
Person_14_0033.jpg,Person_14,Person_14,0.65199494,True
Person_14_0034.jpg,Person_14,Person_14,0.75897634,True
Person_14_0035.jpg,Person_14,Person_14,0.7971094,True
Person_14_0036.jpg,Person_14,Person_14,0.6060468,True
Person_14_0037.jpg,Person_14,Person_14,0.7162902,True
Person_14_0038.jpg,Person_14,Person_14,0.6910143,True
Person_14_0039.jpg,Person_14,Person_14,0.76558053,True
Person_14_0040.jpg,Person_14,Person_14,0.8735217,True
Person_14_0041.jpg,Person_14,Person_14,0.6789539,True
Person_14_0043.jpg,Person_14,Person_14,0.7628553,True
Person_14_0045.jpg,Person_14,Person_14,0.7763469,True
Person_14_0046.jpg,Person_14,Person_14,0.7187532,True
Person_14_0047.jpg,Person_14,Person_14,0.74632,True
Person_14_0048.jpg,Person_14,Person_14,0.6427202,True
Person_14_0049.jpg,Person_14,Person_14,0.6957376,True
Person_14_0050.jpg,Person_14,Person_14,0.6353116,True
Person_14_0054.jpg,Person_14,Person_14,0.7802693,True
Person_14_0055.jpg,Person_14,Person_14,0.76149786,True
Person_14_0056.jpg,Person_14,Person_14,0.78852296,True
Person_14_0058.jpg,Person_14,Person_14,0.7470293,True
Person_14_0059.jpg,Person_14,Person_14,0.6703409,True
Person_14_0060.jpg,Person_14,Person_14,0.77147233,True
Person_14_0061.jpg,Person_14,Person_14,0.7153137,True
Person_14_0062.jpg,Person_14,Person_14,0.613449,True
Person_14_0063.jpg,Person_14,Person_14,0.807652,True
Person_14_0065.jpg,Person_14,Person_14,0.7674507,True
Person_14_0072.jpg,Person_14,Person_14,0.7522907,True
Person_14_0073.jpg,Person_14,Person_14,0.7628552,True
Person_14_0074.jpg,Person_14,Person_14,0.7190486,True
Person_14_0081.jpg,Person_14,Person_14,0.6354774,True
Person_14_0082.jpg,Person_14,Person_14,0.6566367,True
Person_14_0085.jpg,Person_14,Person_14,0.74192834,True
Person_15_0001.jpg,Person_15,Person_15,0.7891067,True
Person_15_0002.jpg,Person_15,Person_15,0.6386423,True
Person_15_0003.jpg,Person_15,Person_15,0.62451124,True
Person_16_0002.jpg,Person_16,Person_16,0.5445937,True
Person_16_0003.jpg,Person_13,Person_16,0.5583921,False
Person_16_0004.jpg,Person_16,Person_16,0.6961622,True
Person_16_0010.jpg,Person_16,Person_16,0.6846981,True
Person_16_0011.jpg,Person_16,Person_16,0.45629564,True
Person_16_0012.jpg,Person_16,Person_16,0.6318436,True
Person_16_0013.jpg,Person_14,Person_16,0.55328465,False
Person_16_0014.jpg,Person_10,Person_16,0.4566022,False
Person_16_0015.jpg,Person_14,Person_16,0.43413186,False
Person_16_0016.jpg,Person_16,Person_16,0.5375762,True
Person_16_0017.jpg,Person_16,Person_16,0.60275793,True
Person_16_0018.jpg,Person_16,Person_16,0.5239766,True
Person_16_0019.jpg,Person_16,Person_16,0.6375835,True
Person_16_0020.jpg,Person_21,Person_16,0.55499554,False
Person_16_0021.jpg,Person_16,Person_16,0.6744015,True
Person_16_0022.jpg,Person_21,Person_16,0.4578382,False
Person_16_0023.jpg,Person_21,Person_16,0.4599324,False
Person_17_0001.jpg,Person_14,Person_17,0.60164076,False
Person_17_0002.jpg,Person_17,Person_17,0.568465,True
Person_17_0004.jpg,Person_14,Person_17,0.5173797,False
Person_17_0005.jpg,Person_14,Person_17,0.47993207,False
Person_17_0006.jpg,Person_17,Person_17,0.5358641,True
Person_17_0007.jpg,Person_10,Person_17,0.45102823,False
Person_17_0008.jpg,Person_17,Person_17,0.49290782,True
Person_17_0009.jpg,Person_17,Person_17,0.46329504,True
Person_18_0001.jpg,Person_18,Person_18,0.59046865,True
Person_18_0002.jpg,Person_18,Person_18,0.6346606,True
Person_18_0003.jpg,Person_18,Person_18,0.59044546,True
Person_18_0004.jpg,Person_18,Person_18,0.5234799,True
Person_18_0005.jpg,Person_18,Person_18,0.61210144,True
Person_18_0006.jpg,Person_18,Person_18,0.6410718,True
Person_19_0001.jpg,Person_14,Person_19,0.4604947,False
Person_19_0002.jpg,Person_19,Person_19,0.5785335,True
Person_19_0003.jpg,Person_03,Person_19,0.5204978,False
Person_19_0004.jpg,Person_03,Person_19,0.42219025,False
Person_19_0005.jpg,unknown_1,Person_19,0.41264552,False
Person_19_0006.jpg,Person_03,Person_19,0.5462729,False
Person_19_0008.jpg,Person_03,Person_19,0.53633183,False
Person_19_0009.jpg,Person_14,Person_19,0.61460954,False
Person_19_0014.jpg,Person_14,Person_19,0.56366724,False
Person_19_0019.jpg,Person_09,Person_19,0.5088272,False
Person_19_0023.jpg,Person_14,Person_19,0.57843316,False
Person_19_0024.jpg,Person_14,Person_19,0.5792222,False
Person_19_0025.jpg,Person_14,Person_19,0.6071794,False
Person_19_0026.jpg,Person_14,Person_19,0.62108886,False
Person_19_0027.jpg,Person_14,Person_19,0.6194908,False
Person_19_0028.jpg,Person_19,Person_19,0.5789912,True
Person_19_0029.jpg,Person_14,Person_19,0.6394125,False
Person_19_0030.jpg,Person_21,Person_19,0.74715847,False
Person_19_0031.jpg,Person_12,Person_19,0.54548824,False
Person_19_0032.jpg,Person_19,Person_19,0.58619446,True
Person_19_0034.jpg,Person_09,Person_19,0.4985404,False
Person_19_0035.jpg,Person_14,Person_19,0.6130064,False
Person_19_0037.jpg,Person_20,Person_19,0.54534537,False
Person_19_0038.jpg,Person_14,Person_19,0.6187329,False
Person_20_0001.jpg,Person_09,Person_20,0.5923454,False
Person_20_0002.jpg,Person_09,Person_20,0.5973642,False
Person_20_0003.jpg,Person_22,Person_20,0.56507945,False
Person_20_0004.jpg,Person_20,Person_20,0.4631578,True
Person_20_0005.jpg,unknown_2,Person_20,0.41313717,False
Person_20_0006.jpg,Person_20,Person_20,0.50062764,True
Person_20_0007.jpg,Person_24,Person_20,0.57951933,False
Person_20_0008.jpg,Person_10,Person_20,0.5460284,False
Person_20_0009.jpg,Person_20,Person_20,0.6321063,True
Person_20_0010.jpg,Person_20,Person_20,0.7106172,True
Person_20_0011.jpg,Person_20,Person_20,0.6064406,True
Person_20_0014.jpg,Person_20,Person_20,0.6587348,True
Person_20_0015.jpg,Person_20,Person_20,0.56922466,True
Person_20_0016.jpg,Person_20,Person_20,0.5703833,True
Person_20_0017.jpg,Person_20,Person_20,0.46634257,True
Person_20_0023.jpg,Person_20,Person_20,0.65853137,True
Person_20_0024.jpg,Person_20,Person_20,0.6243876,True
Person_20_0025.jpg,Person_12,Person_20,0.43470055,False
Person_20_0026.jpg,Person_20,Person_20,0.5279976,True
Person_20_0027.jpg,Person_22,Person_20,0.4967486,False
Person_20_0028.jpg,Person_20,Person_20,0.555104,True
Person_20_0029.jpg,Person_20,Person_20,0.7132658,True
Person_20_0030.jpg,Person_20,Person_20,0.68682545,True
Person_21_0001.jpg,Person_13,Person_21,0.5397545,False
Person_21_0002.jpg,Person_21,Person_21,0.5431781,True
Person_21_0003.jpg,Person_14,Person_21,0.5546242,False
Person_21_0004.jpg,Person_22,Person_21,0.58874387,False
Person_21_0005.jpg,Person_22,Person_21,0.59093606,False
Person_21_0006.jpg,Person_21,Person_21,0.66844976,True
Person_21_0007.jpg,Person_21,Person_21,0.5634186,True
Person_21_0008.jpg,Person_21,Person_21,0.6400273,True
Person_21_0009.jpg,Person_21,Person_21,0.69037557,True
Person_21_0011.jpg,Person_21,Person_21,0.5983714,True
Person_21_0013.jpg,Person_13,Person_21,0.5890429,False
Person_21_0014.jpg,Person_10,Person_21,0.6069546,False
Person_21_0015.jpg,Person_14,Person_21,0.5793608,False
Person_21_0016.jpg,Person_21,Person_21,0.6934265,True
Person_21_0017.jpg,Person_21,Person_21,0.57433134,True
Person_21_0018.jpg,Person_21,Person_21,0.57233644,True
Person_21_0019.jpg,Person_13,Person_21,0.5748559,False
Person_21_0020.jpg,Person_22,Person_21,0.59598076,False
Person_21_0021.jpg,Person_09,Person_21,0.57033086,False
Person_21_0022.jpg,Person_13,Person_21,0.6075893,False
Person_21_0023.jpg,Person_21,Person_21,0.5904467,True
Person_21_0024.jpg,Person_14,Person_21,0.6229919,False
Person_21_0026.jpg,Person_24,Person_21,0.48869696,False
Person_21_0027.jpg,Person_21,Person_21,0.67444,True
Person_21_0031.jpg,Person_22,Person_21,0.53930783,False
Person_21_0033.jpg,Person_21,Person_21,0.6010998,True
Person_21_0034.jpg,Person_13,Person_21,0.53857994,False
Person_21_0035.jpg,Person_14,Person_21,0.55167586,False
Person_21_0036.jpg,Person_13,Person_21,0.561045,False
Person_22_0001.jpg,Person_21,Person_22,0.59776384,False
Person_22_0002.jpg,Person_22,Person_22,0.63464963,True
Person_22_0003.jpg,Person_13,Person_22,0.66399074,False
Person_22_0004.jpg,Person_24,Person_22,0.5689759,False
Person_22_0005.jpg,Person_22,Person_22,0.5908558,True
Person_22_0006.jpg,Person_22,Person_22,0.64945734,True
Person_22_0007.jpg,Person_22,Person_22,0.585436,True
Person_22_0008.jpg,Person_14,Person_22,0.5738337,False
Person_22_0009.jpg,Person_14,Person_22,0.6072115,False
Person_22_0010.jpg,Person_14,Person_22,0.57402796,False
Person_22_0011.jpg,Person_22,Person_22,0.72969294,True
Person_22_0012.jpg,Person_05,Person_22,0.5752258,False
Person_22_0013.jpg,Person_22,Person_22,0.5365416,True
Person_22_0014.jpg,Person_22,Person_22,0.6210723,True
Person_22_0015.jpg,Person_22,Person_22,0.7426015,True
Person_22_0016.jpg,Person_24,Person_22,0.57530916,False
Person_22_0017.jpg,Person_14,Person_22,0.63519514,False
Person_22_0018.jpg,Person_14,Person_22,0.67116064,False
Person_22_0019.jpg,Person_22,Person_22,0.72524333,True
Person_22_0020.jpg,Person_22,Person_22,0.61617744,True
Person_22_0021.jpg,Person_21,Person_22,0.53633463,False
Person_22_0022.jpg,Person_22,Person_22,0.65651846,True
Person_22_0023.jpg,Person_22,Person_22,0.68912977,True
Person_22_0024.jpg,Person_22,Person_22,0.68290925,True
Person_22_0025.jpg,Person_22,Person_22,0.69559693,True
Person_22_0026.jpg,Person_22,Person_22,0.6909565,True
Person_22_0027.jpg,Person_22,Person_22,0.71797276,True
Person_22_0028.jpg,Person_22,Person_22,0.59893095,True
Person_22_0029.jpg,Person_22,Person_22,0.58667964,True
Person_22_0030.jpg,Person_22,Person_22,0.62147105,True
Person_22_0031.jpg,Person_22,Person_22,0.7263118,True
Person_22_0032.jpg,Person_22,Person_22,0.7171301,True
Person_22_0033.jpg,Person_22,Person_22,0.52366936,True
Person_22_0034.jpg,Person_22,Person_22,0.69250315,True
Person_22_0035.jpg,Person_22,Person_22,0.7372138,True
Person_22_0036.jpg,Person_22,Person_22,0.691904,True
Person_22_0037.jpg,Person_22,Person_22,0.7030593,True
Person_22_0038.jpg,Person_22,Person_22,0.66871214,True
Person_22_0039.jpg,Person_14,Person_22,0.49460995,False
Person_22_0040.jpg,unknown_3,Person_22,0.34073472,False
Person_22_0041.jpg,Person_22,Person_22,0.5041026,True
Person_22_0042.jpg,Person_14,Person_22,0.43933913,False
Person_22_0043.jpg,Person_22,Person_22,0.6286317,True
Person_22_0044.jpg,Person_22,Person_22,0.64041346,True
Person_22_0045.jpg,Person_22,Person_22,0.6406194,True
Person_22_0046.jpg,Person_22,Person_22,0.5949649,True
Person_22_0047.jpg,Person_22,Person_22,0.62806284,True
Person_22_0048.jpg,Person_22,Person_22,0.63243484,True
Person_22_0049.jpg,Person_22,Person_22,0.6079644,True
Person_22_0050.jpg,Person_13,Person_22,0.69164735,False
Person_22_0051.jpg,Person_14,Person_22,0.558352,False
Person_22_0052.jpg,Person_22,Person_22,0.7169531,True
Person_22_0053.jpg,Person_22,Person_22,0.6557413,True
Person_22_0054.jpg,Person_22,Person_22,0.66591907,True
Person_22_0055.jpg,Person_22,Person_22,0.6737201,True
Person_22_0056.jpg,Person_22,Person_22,0.671674,True
Person_22_0057.jpg,unknown_4,Person_22,0.34833816,False
Person_22_0058.jpg,Person_22,Person_22,0.65424204,True
Person_22_0059.jpg,Person_13,Person_22,0.6901901,False
Person_22_0060.jpg,Person_22,Person_22,0.6192275,True
Person_22_0061.jpg,Person_13,Person_22,0.5917296,False
Person_22_0062.jpg,Person_22,Person_22,0.6406801,True
Person_22_0063.jpg,Person_22,Person_22,0.5859245,True
Person_22_0064.jpg,Person_13,Person_22,0.6166012,False
Person_22_0065.jpg,Person_22,Person_22,0.5468643,True
Person_22_0066.jpg,Person_22,Person_22,0.51962674,True
Person_22_0067.jpg,Person_06,Person_22,0.5694232,False
Person_22_0068.jpg,Person_22,Person_22,0.66145355,True
Person_22_0069.jpg,Person_22,Person_22,0.64883554,True
Person_22_0070.jpg,Person_10,Person_22,0.6046232,False
Person_22_0071.jpg,Person_22,Person_22,0.56397194,True
Person_22_0072.jpg,Person_22,Person_22,0.5777721,True
Person_22_0073.jpg,unknown_5,Person_22,0.41784957,False
Person_22_0074.jpg,unknown_5,Person_22,0.6419914,False
Person_22_0075.jpg,unknown_5,Person_22,0.65739644,False
Person_22_0076.jpg,Person_22,Person_22,0.5950887,True
Person_22_0077.jpg,Person_22,Person_22,0.6200026,True
Person_22_0078.jpg,unknown_6,Person_22,0.3505819,False
Person_22_0079.jpg,Person_22,Person_22,0.62129784,True
Person_22_0080.jpg,Person_22,Person_22,0.5843061,True
Person_22_0081.jpg,Person_13,Person_22,0.5413135,False
Person_22_0082.jpg,Person_22,Person_22,0.5861558,True
Person_22_0083.jpg,Person_02,Person_22,0.5599507,False
Person_22_0084.jpg,Person_22,Person_22,0.60991323,True
Person_22_0085.jpg,Person_06,Person_22,0.5794808,False
Person_22_0086.jpg,Person_19,Person_22,0.46061468,False
Person_22_0087.jpg,Person_22,Person_22,0.659189,True
Person_22_0088.jpg,Person_22,Person_22,0.6288478,True
Person_22_0089.jpg,Person_13,Person_22,0.5995666,False
Person_22_0090.jpg,Person_16,Person_22,0.5873694,False
Person_22_0091.jpg,Person_14,Person_22,0.4517365,False
Person_22_0092.jpg,Person_22,Person_22,0.49470818,True
Person_23_0002.jpg,Person_13,Person_23,0.5692084,False
Person_24_0005.jpg,Person_24,Person_24,0.55238736,True
Person_24_0006.jpg,Person_24,Person_24,0.68403965,True
Person_24_0007.jpg,Person_24,Person_24,0.55196506,True
Person_24_0009.jpg,Person_24,Person_24,0.6203476,True
Person_24_0010.jpg,Person_24,Person_24,0.6540214,True
Person_25_0001.jpg,Person_04,Person_25,0.45873046,False
Person_25_0003.jpg,Person_02,Person_25,0.48350424,False
Person_25_0004.jpg,Person_25,Person_25,0.56213295,True
Person_25_0005.jpg,Person_12,Person_25,0.46127358,False
Person_25_0006.jpg,Person_02,Person_25,0.46003327,False
Person_25_0007.jpg,Person_25,Person_25,0.5032412,True
Person_25_0008.jpg,Person_04,Person_25,0.5184352,False
Person_25_0010.jpg,Person_04,Person_25,0.53039443,False
Person_25_0011.jpg,Person_25,Person_25,0.48573765,True
Person_25_0012.jpg,Person_25,Person_25,0.63348526,True
Person_25_0014.jpg,Person_22,Person_25,0.466456,False
Person_26_0001.jpg,Person_14,Person_26,0.55170405,False
Person_26_0002.jpg,Person_13,Person_26,0.5434404,False
Person_26_0003.jpg,Person_16,Person_26,0.5051185,False
