identity_id,gender,age_group,total,gallery,query
Person_1,Male,31-40,6,3,3
Person_2,Female,31-40,155,85,70
Person_3,Male,21-30,13,7,6
Person_4,Male,31-40,193,106,87
Person_5,Female,21-30,53,29,24
Person_6,Female,31-40,21,12,9
Person_7,Male,21-30,35,19,16
Person_8,Male,31-40,146,80,66
Person_9,Female,41-45,3,2,1
Person_10,Female,31-40,8,4,4
Person_11,Male,21-30,5,3,2
Person_12,Male,31-40,254,140,114
Person_13,Female,21-30,163,90,73
Person_14,Female,21-30,220,121,99
Person_15,Female,41-45,27,15,12
Person_16,Male,21-30,75,41,34
Person_17,Female,21-30,17,9,8
Person_18,Male,21-30,195,107,88
Person_19,Male,31-40,187,103,84
Person_20,Male,21-30,3,2,1
Person_21,Female,21-30,82,45,37
Person_22,Female,21-30,283,156,127
Person_23,Male,31-40,1,1,0
Person_24,Female,31-40,49,27,22
Person_25,Female,21-30,18,10,8
Person_26,Female,31-40,121,67,54
Person_27,Female,31-40,7,4,3
